ACC Study Hall RM 1306,ACC Study Hall RM 1306
Accounting I RM 1613,Accounting I RM 1613
Advertising RM 2717,Advertising RM 2717
Aerobic Activity GYM 3,Aerobic Activity GYM 3
Aerobic Activity Gym 3,Aerobic Activity GYM 3
Aerospace Engineering PLTW EM 1708,Aerospace Engineering PLTW RM 1708
Ag Mechanics & Metal Tech RM 1612,Ag Mechanics & Metal Tech RM 1612
Ag Struc Design & Fab w/ Lab RM AX39,Ag Struc Design & Fab w/ Lab RM AX39
Algebra I EM 1352,Algebra I RM 1352
Algebra I RM 1208,Algebra I RM 1208
Algebra I RM 1351,Algebra I RM 1351
Algebra I RM 1352,Algebra I RM 1352
Algebra I RM 1353,Algebra I RM 1353
Algebra I RM 1413,Algebra I RM 1413
Algebra II Adv RM 1360,Algebra II Adv RM 1360
Algebra II Adv RM 1415,Algebra II Adv RM 1415
Algebra II Adv RM 1416,Algebra II Adv RM 1416
Algebra II Advanced RM 1415,Algebra II Adv RM 1415
Algebra II Advanced RM 1416,Algebra II Adv RM 1416
Algebra II RM 1354,Algebra II RM 1354
Algebra II RM 1356,Algebra II RM 1356
Algebra II RM 1360,Algebra II Adv RM 1360
Algebra II RM 1406,Algebra II RM 1406
Algebra II RM 1409,Algebra II RM 1409
Algebra II RM 1412,Algebra II RM 1412
Algebraic Reasoning RM 1357,Algebraic Reasoning RM 1357
American Sign Language I RM 2711,American Sign Language I RM 2711
American Sign Language II RM 2711,American Sign Language II RM 2711
Anatomy & Physiology RM 2704,Anatomy & Physiology RM 2704
Art I RM 1601,Art I RM 1601
Art I RM 1603,Art I RM 1603
Art I RM 1606,Art I RM 1606
Art II: Sculpture RM 1603,Art II: Sculpture RM 1603
Art III: Drawing RM 1601,Art III: Drawing RM 1601
Art III: Photography RM 1606,Art III: Photography RM 1606
Audio Video Production I RM 1620,Audio Video Production I RM 1620
AVID III RM 1307,AVID III RM 1307
AVID IV RM1307,AVID IV RM1307
Baseball I ,Baseball I GYM 3
Baseball III GYM 3,Baseball III GYM 3
Basketball Boys I GYM,Basketball Boys I GYM
Biology Adv RM 1505,Biology Adv RM 1505
Biology Adv RM 1511,Biology Adv RM 1511
Biology Adv RM 1512,Biology Adv RM 1512
Biology Adv RM 2705,Biology Adv RM 2705
Biology Advanced RM 1511,Biology Adv RM 1511
Biology AP RM 2703,Biology AP RM 2703
Biology RM 1505,Biology RM 1505
Biology RM 1510,Biology RM 1510
Biology RM 1511,Biology RM 1511
Business Info Management I RM 1613,Business Info Management I RM 1613
Business Info Management I RM 1613,Business Info Management I RM 1613
Business Info Management I RM 1614,Business Info Management I RM 1614
Business Info Management I RM 1614,Business Info Management I RM 1614
Business Law RM 2702,Business Law RM 2702
Business Management RM 1612,Business Info Management RM 1612
Calculus AB AP RM 1359,Calculus AB AP RM 1359
Cheerleading I RM 1359,Cheerleading I RM 1359
Chemistry Adv RM 1514,Chemistry Adv RM 1514
Chemistry Adv RM 1516,Chemistry Adv RM 1516
Chemistry Adv RM 1517,Chemistry Adv RM 1517
Chemistry Advanced RM 1514,Chemistry Adv RM 1514
Chemistry Advanced RM 1516,Chemistry Adv RM 1516
Chemistry Advanced RM 1517,Chemistry Adv RM 1517
Chemistry RM 1501,Chemistry RM 1501
Chemistry RM 1504,Chemistry RM 1504
Chemistry RM 1506,Chemistry RM 1506
College Prep Math RM 1416,College Prep Math RM 1416
Computer Science AP RM 1705,Computer Science AP RM 1705
Computer Science I Adv RM 1704,Computer Science I Advanced RM 1704
Computer Science I Adv RM 1705,Computer Science I Advanced RM 1705
Computer Science I Advanced RM 1704,Computer Science I Advanced RM 1704
Computer Science I Advanced RM 1705,Computer Science I Advanced RM 1705
Concert Band I RM 6001,Concert Band I RM 6001
Creative & Imaginative Writing RM 2113,Creative & Imaginative Writing RM 2113
Credit Recovery RM 2208,Credit Recovery RM 2208
Debate I RM 2112,Debate I RM 2112
Digital Forensics RM 1706,Digital Forensics RM 1706
Earth & Space Science RM 1502,Earth & Space Science RM 1502
Economics ACC RM AX42,Economics ACC RM AX42
Engineering Science PLTW RM 1710,Engineering Science PLTW RM 1710
English I Adv RM 2104,English I Adv RM 2104
English I Adv RM 2105,English I Adv RM 2105
English I Adv RM 2201,English I Adv RM 2201
English I Adv RM 2202,English I Adv RM 2202
English I Advanced RM 2104,English I Adv RM 2104
English I Advanced RM 2201,English I Adv RM 2201
English I QUEST RM 2104,English I QUEST RM 2104
English I RM 2105,English I RM 2105
English I RM 2105,English I RM 2105
English I RM 2201,English I RM 2201
English I RM 2202,English I RM 2202
English II Adv RM 2101,English II Adv RM 2101
English II Adv RM 2207,English II Adv RM 2207
English II Advanced RM 2101,English II Adv RM 2101
English II Advanced RM 2207,English II Adv RM 2207
English II QUEST RM 2110,English II QUEST RM 2110
English II RM 2103,English II RM 2103
English II RM 2103,English II RM 2103
English II RM 2116,English II RM 2116
English II RM 2207,English II RM 2207
English II Rm 2207,English II RM 2207
English III ACC AX33,English III ACC RM AX33
English III ACC AX35,English III ACC RM AX35
English III ACC RM AX33,English III ACC RM AX33
English III ACC RM AX35,English III ACC RM AX35
English III RM 2116,English III RM 2116
English III RM 2203,English III RM 2203
English IV ACC RM AX33,English IV ACC RM AX33
English IV ACC RM AX34,English IV ACC RM AX34
English IV ACC RM AX35,English IV ACC RM AX35
English IV AP Lit & Lang RM 2102,English IV AP Lit & Lang RM 2102
English IV AP Lit & Lang RM 2113,English IV AP Lit & Lang RM 2113
English IV RM 2115,English IV RM 2115
English IVAP Lit & Lang RM 2113,English IV AP Lit & Lang RM 2113
English RM AX35,**** English RM AX35
Entrepreneurship RM 1612,Entrepreneurship RM 1612
Environmental Science AP RM 1508,Environmental Science AP RM 1508
Floral Design RM 1615,Floral Design RM 1615
Football I,Football I GYM 1
Football I ,Football I GYM 1
Football I GYM,Football I GYM 1
Football II,Football II GYM 1
Football II RM GYM1,Football II GYM 1
Football III,Football III GYM 2
Football III ,Football III GYM 2
Football IV,Football IV GYM 1
Found of Personal Fitness,Found of Personal Fitness GYM 3
Found of Personal Fitness GYM 3,Found of Personal Fitness GYM 2
Found of Personal Fitness RM GYM 3,Found of Personal Fitness GYM 3
French I RM 2709,French I RM 2709
French II RM 2709,French II RM 2709
French III Adv RM 2710,French III Adv RM 2710
Geometry Adv RM 1412,Geometry Adv RM 1412
Geometry Adv RM 1417,Geometry Adv RM 1417
Geometry Advanced RM 1417,Geometry Adv RM 1418
Geometry RM 1351,Geometry RM 1351
Geometry RM 1402,Geometry RM 1402
Geometry RM 1406,Geometry RM 1406
Geometry RM 1417,Geometry RM 1417
Global Business RM 2702,Global Business RM 2702
Gold I GYM 5,Golf I GYM 5
Golf I GYM 5,Golf I GYM 5
Golf III,Golf III GYM 5
Human Body Systems PLTW RM 2704,Human Body Systems PLTW RM 2704
Human Geography AP RM 2304,Human Geography AP RM 2304
Human Geography AP RM 2307,Human Geography AP RM 2307
Integrated Physics & Chemistry RM 1502,Integrated Physics & Chemistry RM 1502
Integrated Physics & Chemistry RM 1512,Integrated Physics & Chemistry RM 1512
Intergrated Physics & Chemistry RM 1512,Integrated Physics & Chemistry RM 1512
Interior Design I RM 1604,Interior Design I RM 1604
Intro Engineering Design PLTW RM 1708,Intro Engineering Design PLTW RM 1708
Intro Engineering Design PLTW Rm 1709,Intro Engineering Design PLTW Rm 1709
Intro Engineering Design PLTW RM 1710,Intro Engineering Design PLTW RM 1710
Introduction to Culinary Arts RM 1602,Introduction to Culinary Arts RM 1602
Investigation in Psychology RM 2301,Investigations in Psychology RM 2301
Investigations in Psychology RM 2301,Investigations in Psychology RM 2301
Latin I RM 2716,Latin I RM 2716
Latin III Adv RM 2716,Latin III Adv RM 2716
Latin III Advanced RM 2716,Latin III Adv RM 2716
Lifetime Nutrition & Wellness RM 2707,Lifetime Nutrition & Wellness RM 2707
Livestock Production RM 1618,Livestock Production RM 1618
Macroeconomics AP RM 2212,Macroeconomics AP RM 2212
MAPS: Academic & Pers Success RM 1307,MAPS: Academic & Pers Success RM 1307
Marketing RM 2701,Marketing RM 2701
Medial Microbiology RM 1506,Medial Microbiology RM 1506
Money Matters RM 2701,Money Matters RM 2701
Money Matters RM 2706,Money Matters RM 2706
Peer Asst & Leadership I RM 1707,Peer Asst & Leadership I RM 1707
Physics 1 AP RM 2712,Physics 1 AP RM 2712
Physics 1 AP RM 2714,Physics 1 AP RM 2714
Physics RM 1710,Physics RM 1710
Physics RM 2712,Physics RM 2712
Physics RM 2713,Physics RM 2713
Physics RM 2715,Physics RM 2715
Practicum Education RM 1605,Practicum Education RM 1605
Pre-Calculus Adv RM 1355,Pre-Calculus Adv RM 1355
Pre-Calculus Adv RM 1358,Pre-Calculus Adv RM 1358
Pre-Calculus Advanced RM 1355,Pre-Calculus Adv RM 1355
Pre-Calculus RM 1409,Pre-Calculus RM 1409
Pre-Calculus RM 1415,Pre-Calculus RM 1415
Pre-Calculus RM 1417,Pre-Calculus RM 1417
Principles of Agriculture RM 1618,Principles of Agriculture RM 1618
Principles of Biomed Sci PLTW RM 1509,Principles of Biomed Sci PLTW RM 1509
Principles of Biomed Sci PLTW RM 1515,Principles of Biomed Sci PLTW RM 1515
Principles of Bus Mkt & Fin RM 1612,Principles of Bus Mkt & Fin Rm 1612
Principles of Bus Mkt & Fin Rm 1612,Principles of Bus Mkt & Fin Rm 1612
Principles of Education RM 1605,Principles of Education RM 1605
Psychology AP RM 2301,Psychology AP RM 2301
Research AP RM 2708,Research AP RM 2708
Soccer Boys I,Soccer Boys I GYM 3
Soccer Boys II GYM 3,Soccer Boys II GYM 3
Soccer Boys II Gym 3,Soccer Boys II GYM 3
Soccer Girls III GYM 5,Soccer Girls III GYM 5
Soccer Girls III GYM 5,Soccer Girls III GYM 5
Soccer Girls III GYM 5,Soccer Girls III GYM 5
Soccer Girls III GYM 5,Soccer Girls III GYM 5
Soccer Girls III Gym 5,Soccer Girls III Gym 5
Soccer Girls III RM GYM5,Soccer Girls III GYM 5
Soccer Girls III RM GYM5,Soccer Girls III GYM 5
Social Media Marketing RM 2717,Social Media Marketing RM 2717
Spanish I RM 2255,Spanish I RM 2255
Spanish I RM 2259,Spanish I RM 2259
Spanish II Adv RM 2252,Spanish II Adv RM 2252
Spanish II Adv RM 2254,Spanish II Adv RM 2254
Spanish II Advanced RM 2252,Spanish II Adv RM 2252
Spanish II RM 2251,Spanish II RM 2251
Spanish II RM 2252,Spanish II RM 2252
Spanish II RM 2254,Spanish II RM 2254
Spanish III Adv RM 2258,Spanish III Adv RM 2258
Spanish III Advanced RM 2258,Spanish III Adv RM 2258
Spanish III IB Prep RM 2256,Spanish III IB Prep RM 2256
Spanish III RM 2255,Spanish III RM 2255
Spanish III RM 2256,Spanish III RM 2256
Spanish IV RM 2256,Spanish IV RM 2256
Sports Med I RM 3011,Sports Med I RM 3011
Sports Med IV RM 3011,Sports Med IV RM 3011
Statistics AP RM 1355,Statistics AP RM 1355
Statistics RM 1414,Statistics RM 1414
Study Lab I,Study Lab I RM 2204
Study Lab I RM 2204,Study Lab I RM 2204
Swimming III,Swimmg III POOL
Symphonic Band I RM 6001,Symphonic Band I RM 6001
Symphonic Winds II RM 6001,Symphonic Winds II RM 6001
Technical Theatre I PAC,Technical Theatre I PAC
Technical Theatre I RM 6004,Technical Theatre I RM 6004
Technical Theatre I RM PAC,Technical Theatre I PAC
Tennis IV,Tennis IV CRT
Tennis IV ,Tennis IV CRT
Theatre I RM 6005,Theatre I RM 6005
Theatre II RM 6004,Theatre II RM 6004
Treble Choir II RM 6002,Treble Choir II RM 6002
U.S. Government RM 2205,U.S. Government RM 2205
U.S. Government RM 2707,U.S. Government RM 2707
U.S. His. II ACC RM AX39,U.S. History ACC AX39
U.S. Hist. II RM AX39,U.S. History ACC AX39
U.S. History RM 2316,U.S. History RM 2316
US Government AP RM 2311,US Government AP RM 2311
US GOvt ACC RM AX40,US Government ACC RM AX40
US History II ACC AX39,US History II RM ACC AX39
US History II ACC RM AX39,US History II RM ACC AX39
US History RM 2303,US History RM 2303
US History RM 2309,US History RM 2309
US History RM 2316,US History RM 2316
World Geography RM 2211,World Geography RM 2211
World Geography RM 2211,World Geography RM 2211
World Geography Rm 2257,World Geography RM 2257
World Geography RM 2257,World Geography RM 2257
World Geography RM 2257,World Geography RM 2257
World Geography RM 2304,World Geography RM 2304
World Geography RM 2314,World Geography RM 2314
World History AP RM 2306,World History AP RM 2306
World History RM 2305,World History RM 2305
World History RM 2310,World History RM 2310
World History RM 2313,World History RM 2313
