1306,ACC Study Hall,ACC Study Hall RM 1306,1,Other
1306,ACC Study Hall,ACC Study Hall RM 1306,4,Other
1306,ACC Study Hall,ACC Study Hall RM 1306,5,Other
1306,ACC Study Hall,ACC Study Hall RM 1306,8,Other
1306,ACC Study Hall,ACC Study Hall RM 1306,6,Other
4007,ACC Study Hall,ACC Study Hall RM 4007,3,Other
4007,ACC Study Hall,ACC Study Hall RM 4007,7,Other
1613,Accounting I,Accounting I RM 1613,4,CTE
1613,Accounting I,Accounting I RM 1613,3,CTE
1613,Accounting II,Accounting II RM 1613,3,CTE
1609,Adv Journalism: News Media I,Adv Journalism: News Media I RM 1609,2,CTE
1609,Adv Journalism: News Media II,Adv Journalism: News Media II RM 1609,2,CTE
1609,Adv Journalism: News Media III,Adv Journalism: News Media III RM 1609,2,CTE
1609,Adv Journalism: Yearbook I,Adv Journalism: Yearbook I RM 1609,6,CTE
1609,Adv Journalism: Yearbook II,Adv Journalism: Yearbook II RM 1609,6,CTE
1609,Adv Journalism: Yearbook III,Adv Journalism: Yearbook III RM 1609,6,CTE
1701,Adv Animal Science,Adv Animal Science RM 1701,1,CTE
1615,Adv Floral Design,Adv Floral Design RM 1615,5,CTE
1615,Adv Floral Design,Adv Floral Design RM 1615,7,CTE
2717,Advertising,Advertising RM 2717,2,CTE
2717,Advertising,Advertising RM 2717,3,CTE
2717,Advertising,Advertising RM 2717,6,CTE
GYM,Aerobic Activity,Aerobic Activity RM GYM,5,PE/Athletics
GYM3,Aerobic Activity,Aerobic Activity RM GYM3,2,PE/Athletics
GYM3,Aerobic Activity,Aerobic Activity RM GYM3,6,PE/Athletics
GYM3,Aerobic Activity,Aerobic Activity RM GYM3,3,PE/Athletics
GYM3,Aerobic Activity,Aerobic Activity RM GYM3,7,PE/Athletics
GYM3,Aerobic Activity,Aerobic Activity RM GYM3,3,PE/Athletics
N/A,Aerobic Activity,Aerobic Activity RM N/A,10,PE/Athletics
N/A,Aerobic Activity,Aerobic Activity RM N/A,10,PE/Athletics
N/A,Aerobic Activity,Aerobic Activity RM N/A,7,PE/Athletics
GYM3,Aerobic Activity ,Aerobic Activity  RM GYM3,2,PE/Athletics
GYM3,Aerobic Activity ,Aerobic Activity  RM GYM3,6,PE/Athletics
N/A,Aerobic Activity (Dance),Aerobic Activity (Dance) RM N/A,10,PE/Athletics
N/A,Aerobic Activity (Dance),Aerobic Activity (Dance) RM N/A,10,PE/Athletics
N/A,Aerobic Activity (Dance),Aerobic Activity (Dance) RM N/A,10,PE/Athletics
N/A,Aerobic Activity (KINE 1101),Aerobic Activity (KINE 1101) RM N/A,0,PE/Athletics
N/A,Aerobic Activity (KINE 2101),Aerobic Activity (KINE 2101) RM N/A,0,PE/Athletics
1708,Aerospace Engineering PLTW,Aerospace Engineering PLTW RM 1708,2,PE/Athletics
1708,Aerospace Engineering PLTW,Aerospace Engineering PLTW RM 1708,4,CTE
1612,Ag Mechanics & Metal Tech,Ag Mechanics & Metal Tech RM 1612,7,CTE
1622,Ag Mechanics & Metal Tech,Ag Mechanics & Metal Tech RM 1622,5,CTE
1622,Ag Mechanics & Metal Tech,Ag Mechanics & Metal Tech RM 1622,6,CTE
1612,Ag Mechanics & Metal Tech ,Ag Mechanics & Metal Tech  RM 1612,7,CTE
1622,Ag Struc Design & Fab with Lab,Ag Struc Design & Fab with Lab RM 1622,2,CTE
1351,Algebra I,Algebra I RM 1351,4,Math
1351,Algebra I,Algebra I RM 1351,8,Math
1351,Algebra I,Algebra I RM 1351,7,Math
1351,Algebra I,Algebra I RM 1351,7,Math
1352,Algebra I,Algebra I RM 1352,6,Math
1352,Algebra I,Algebra I RM 1352,1,Math
1353,Algebra I,Algebra I RM 1353,1,Math
1353,Algebra I,Algebra I RM 1353,2,Math
1353,Algebra I,Algebra I RM 1353,7,Math
1353,Algebra I,Algebra I RM 1353,3,Math
1353,Algebra I,Algebra I RM 1353,1,Math
1353,Algebra I,Algebra I RM 1353,2,Math
1413,Algebra I,Algebra I RM 1413,3,Math
1413,Algebra I,Algebra I RM 1413,8,Math
1413,Algebra I,Algebra I RM 1413,6,Math
1413,Algebra I,Algebra I RM 1413,1,Math
1413,Algebra I,Algebra I RM 1413,1,Math
1148,Algebra I ,Algebra I  RM 1148,3,Math
1148,Algebra I ,Algebra I  RM 1148,3,Math
1148,Algebra I ,Algebra I  RM 1148,4,Math
1208,Algebra I ,Algebra I  RM 1208,1,Math
1351,Algebra I ,Algebra I  RM 1351,7,Math
1353,Algebra I ,Algebra I  RM 1353,1,Math
1353,Algebra I ,Algebra I  RM 1353,2,Math
1413,Algebra I ,Algebra I  RM 1413,1,Math
1352,Algebra I Adv,Algebra I Adv RM 1352,7,Math
1352,Algebra I Adv,Algebra I Adv RM 1352,8,Math
1354,Algebra II,Algebra II RM 1354,1,Math
1354,Algebra II,Algebra II RM 1354,2,Math
1356,Algebra II,Algebra II RM 1356,6,Math
1356,Algebra II,Algebra II RM 1356,2,Math
1406,Algebra II,Algebra II RM 1406,3,Math
1406,Algebra II,Algebra II RM 1406,7,Math
1406,Algebra II,Algebra II RM 1406,8,Math
1406,Algebra II,Algebra II RM 1406,4,Math
1406,Algebra II,Algebra II RM 1406,3,Math
1406,Algebra II,Algebra II RM 1406,7,Math
1409,Algebra II,Algebra II RM 1409,1,Math
1409,Algebra II,Algebra II RM 1409,3,Math
1409,Algebra II,Algebra II RM 1409,4,Math
1412,Algebra II,Algebra II RM 1412,6,Math
1412,Algebra II,Algebra II RM 1412,8,Math
1412,Algebra II,Algebra II RM 1412,2,Math
1412,Algebra II,Algebra II RM 1412,6,Math
1406,Algebra II ,Algebra II  RM 1406,3,Math
1406,Algebra II ,Algebra II  RM 1406,7,Math
1352,Algebra II Adv,Algebra II Adv RM 1352,3,Math
1352,Algebra II Adv,Algebra II Adv RM 1352,4,Math
1360,Algebra II Adv,Algebra II Adv RM 1360,5,Math
1360,Algebra II Adv,Algebra II Adv RM 1360,3,Math
1360,Algebra II Adv,Algebra II Adv RM 1360,4,Math
1360,Algebra II Adv,Algebra II Adv RM 1360,6,Math
1360,Algebra II Adv,Algebra II Adv RM 1360,5,Math
1402,Algebra II Adv,Algebra II Adv RM 1402,6,Math
1402,Algebra II Adv,Algebra II Adv RM 1402,8,Math
1415,Algebra II Adv,Algebra II Adv RM 1415,1,Math
1415,Algebra II Adv,Algebra II Adv RM 1415,8,Math
1415,Algebra II Adv,Algebra II Adv RM 1415,3,Math
1416,Algebra II Adv,Algebra II Adv RM 1416,4,Math
1416,Algebra II Adv,Algebra II Adv RM 1416,5,Math
1416,Algebra II Adv,Algebra II Adv RM 1416,7,Math
1416,Algebra II Adv,Algebra II Adv RM 1416,6,Math
1357,Algebraic Reasoning,Algebraic Reasoning RM 1357,2,Math
1357,Algebraic Reasoning,Algebraic Reasoning RM 1357,7,Math
1357,Algebraic Reasoning,Algebraic Reasoning RM 1357,6,Math
1357,Algebraic Reasoning,Algebraic Reasoning RM 1357,2,Math
1357,Algebraic Reasoning,Algebraic Reasoning RM 1357,7,Math
1357,Algebraic Reasoning,Algebraic Reasoning RM 1357,6,Math
1148,Algebraic Reasoning ,Algebraic Reasoning  RM 1148,3,Math
1148,Algebraic Reasoning ,Algebraic Reasoning  RM 1148,3,Math
1148,Algebraic Reasoning ,Algebraic Reasoning  RM 1148,8,Math
1208,Algebraic Reasoning ,Algebraic Reasoning  RM 1208,6,Math
1357,Algebraic Reasoning ,Algebraic Reasoning  RM 1357,2,Math
1357,Algebraic Reasoning ,Algebraic Reasoning  RM 1357,7,Math
1357,Algebraic Reasoning ,Algebraic Reasoning  RM 1357,6,Math
2711,American Sign Language I,American Sign Language I RM 2711,6,LOTE
2711,American Sign Language I,American Sign Language I RM 2711,5,LOTE
2711,American Sign Language II,American Sign Language II RM 2711,1,LOTE
2711,American Sign Language II,American Sign Language II RM 2711,8,LOTE
2711,American Sign Language III,American Sign Language III RM 2711,3,LOTE
2711,American Sign Language III,American Sign Language III RM 2711,4,LOTE
2711,American Sign Language IV,American Sign Language IV RM 2711,3,LOTE
2711,American Sign Language IV,American Sign Language IV RM 2711,4,LOTE
2704,"Anatomy & Physiology	","Anatomy & Physiology	 RM 2704",8,Science
2704,"Anatomy & Physiology	","Anatomy & Physiology	 RM 2704",2,Science
2704,"Anatomy & Physiology	","Anatomy & Physiology	 RM 2704",6,Science
2705,"Anatomy & Physiology	","Anatomy & Physiology	 RM 2705",3,Science
1620,Animation I,Animation I RM 1620,3,CTE
1620,Animation I,Animation I RM 1620,5,CTE
1601,Animation II with Lab,Animation II with Lab RM 1601,2,CTE
1620,Animation II with Lab,Animation II with Lab RM 1620,3,CTE
1620,Animation II with Lab,Animation II with Lab RM 1620,5,CTE
1620,Animation II with Lab,Animation II with Lab RM 1620,5,CTE
1620,Animation II with Lab,Animation II with Lab RM 1620,3,CTE
1621,Animation II with Lab,Animation II with Lab RM 1621,4,CTE
1601,Art I,Art I RM 1601,1,Fine Arts
1601,Art I,Art I RM 1601,6,Fine Arts
1601,Art I,Art I RM 1601,5,Fine Arts
1603,Art I,Art I RM 1603,4,Fine Arts
1603,Art I,Art I RM 1603,1,Fine Arts
1603,Art I,Art I RM 1603,3,Fine Arts
1603,Art I,Art I RM 1603,2,Fine Arts
1606,Art I,Art I RM 1606,8,Fine Arts
1606,Art I,Art I RM 1606,7,Fine Arts
1606,Art I,Art I RM 1606,4,Fine Arts
1606,Art I,Art I RM 1606,3,Fine Arts
1601,Art I ,Art I  RM 1601,6,Fine Arts
1603,Art I ,Art I  RM 1603,2,Fine Arts
1606,Art I ,Art I  RM 1606,7,Fine Arts
1603,Art II: Ceramics,Art II: Ceramics RM 1603,5,Fine Arts
1603,Art II: Ceramics,Art II: Ceramics RM 1603,8,Fine Arts
1601,Art II: Drawing,Art II: Drawing RM 1601,3,Fine Arts
1601,Art II: Drawing,Art II: Drawing RM 1601,8,Fine Arts
1601,Art II: Drawing,Art II: Drawing RM 1601,7,Fine Arts
1606,Art II: Painting,Art II: Painting RM 1606,6,Fine Arts
1606,Art II: Painting,Art II: Painting RM 1606,1,Fine Arts
1606,Art II: Photography,Art II: Photography RM 1606,2,Fine Arts
1606,Art II: Photography,Art II: Photography RM 1606,5,Fine Arts
1603,Art II: Sculpture,Art II: Sculpture RM 1603,7,Fine Arts
1603,Art III: Ceramics,Art III: Ceramics RM 1603,6,Fine Arts
1601,Art III: Drawing,Art III: Drawing RM 1601,2,Fine Arts
1603,Art III: Drawing ,Art III: Drawing  RM 1603,2,Fine Arts
1606,Art III: Painting,Art III: Painting RM 1606,5,Fine Arts
1606,Art III: Photography,Art III: Photography RM 1606,2,Fine Arts
1603,Art III: Sculpture,Art III: Sculpture RM 1603,7,Fine Arts
1603,Art IV: Ceramics,Art IV: Ceramics RM 1603,6,Fine Arts
1601,Art IV: Drawing,Art IV: Drawing RM 1601,4,Fine Arts
1606,Art IV: Painting,Art IV: Painting RM 1606,5,Fine Arts
1606,Art IV: Photography,Art IV: Photography RM 1606,2,Fine Arts
1603,Art IV: Sculpture,Art IV: Sculpture RM 1603,7,Fine Arts
1401,Art: AP Art History,Art: AP Art History RM 1401,6,Fine Arts
1601,Art: AP Drawing Portfolio,Art: AP Drawing Portfolio RM 1601,4,Fine Arts
1603,Art: AP Three Dimension Design,Art: AP Three Dimension Design RM 1603,7,Fine Arts
1601,Art: AP Two Dimension Design,Art: AP Two Dimension Design RM 1601,5,Fine Arts
1606,Art: AP Two Dimension Design,Art: AP Two Dimension Design RM 1606,2,Fine Arts
1621,Art: AP Two Dimension Design,Art: AP Two Dimension Design RM 1621,6,Fine Arts
1621,Art: AP Two Dimension Design,Art: AP Two Dimension Design RM 1621,7,Fine Arts
1601,Art: Visual Arts IB HL,Art: Visual Arts IB HL RM 1601,4,Fine Arts
1601,Art: Visual Arts IB HL,Art: Visual Arts IB HL RM 1601,4,Fine Arts
1601,Art: Visual Arts IB SL,Art: Visual Arts IB SL RM 1601,4,Fine Arts
1620,Audio Video Prod II with Lab,Audio Video Prod II with Lab RM 1620,2,CTE
1620,Audio Video Prod II with Lab,Audio Video Prod II with Lab RM 1620,6,CTE
1616,Audio Video Production I,Audio Video Production I RM 1616,5,CTE
1620,Audio Video Production I,Audio Video Production I RM 1620,4,CTE
1620,Audio Video Production I,Audio Video Production I RM 1620,8,CTE
1307,AVID I,AVID I RM 1307,2,CTE
1307,AVID I,AVID I RM 1307,4,CTE
2302,AVID II,AVID II RM 2302,1,CTE
2302,AVID II,AVID II RM 2302,8,CTE
1307,AVID III,AVID III RM 1307,6,CTE
1307,AVID IV,AVID IV RM 1307,3,CTE
6001,Band III EOD,Band III EOD RM 6001,1,Fine Arts
6001,Band III EOD,Band III EOD RM 6001,2,Fine Arts
6001,Band III EOD,Band III EOD RM 6001,3,Fine Arts
6001,Band IV EOD,Band IV EOD RM 6001,1,Fine Arts
6001,Band IV EOD,Band IV EOD RM 6001,2,Fine Arts
6001,Band IV EOD,Band IV EOD RM 6001,3,Fine Arts
GYM3,Baseball I (Sub Ath),Baseball I (Sub Ath) RM GYM3,4,PE/Athletics
GYM3,Baseball I (Sub Ath),Baseball I (Sub Ath) RM GYM3,8,PE/Athletics
GYM3,Baseball II (Sub Ath),Baseball II (Sub Ath) RM GYM3,4,PE/Athletics
GYM3,Baseball II (Sub Ath),Baseball II (Sub Ath) RM GYM3,8,PE/Athletics
GYM3,Baseball III (Sub Ath),Baseball III (Sub Ath) RM GYM3,4,PE/Athletics
GYM3,Baseball III (Sub Ath),Baseball III (Sub Ath) RM GYM3,8,PE/Athletics
GYM3,Baseball IV (Sub Ath),Baseball IV (Sub Ath) RM GYM3,4,PE/Athletics
GYM3,Baseball IV (Sub Ath),Baseball IV (Sub Ath) RM GYM3,8,PE/Athletics
GYM1,Basketball Boys I (Sub Ath),Basketball Boys I (Sub Ath) RM GYM1,2,PE/Athletics
GYM1,Basketball Boys I (Sub Ath),Basketball Boys I (Sub Ath) RM GYM1,6,PE/Athletics
GYM2,Basketball Boys II (Sub Ath),Basketball Boys II (Sub Ath) RM GYM2,1,PE/Athletics
GYM2,Basketball Boys II (Sub Ath),Basketball Boys II (Sub Ath) RM GYM2,5,PE/Athletics
GYM2,Basketball Boys III (Sub Ath),Basketball Boys III (Sub Ath) RM GYM2,1,PE/Athletics
GYM2,Basketball Boys III (Sub Ath),Basketball Boys III (Sub Ath) RM GYM2,5,PE/Athletics
GYM2,Basketball Boys IV (Sub Ath),Basketball Boys IV (Sub Ath) RM GYM2,1,PE/Athletics
GYM2,Basketball Boys IV (Sub Ath),Basketball Boys IV (Sub Ath) RM GYM2,5,PE/Athletics
GYM2,Basketball Girls I (Sub Ath),Basketball Girls I (Sub Ath) RM GYM2,3,PE/Athletics
GYM2,Basketball Girls I (Sub Ath),Basketball Girls I (Sub Ath) RM GYM2,7,PE/Athletics
GYM2,Basketball Girls I (Sub Ath),Basketball Girls I (Sub Ath) RM GYM2,4,PE/Athletics
GYM2,Basketball Girls I (Sub Ath),Basketball Girls I (Sub Ath) RM GYM2,8,PE/Athletics
GYM3,Basketball Girls II (Sub Ath),Basketball Girls II (Sub Ath) RM GYM3,4,PE/Athletics
GYM3,Basketball Girls II (Sub Ath),Basketball Girls II (Sub Ath) RM GYM3,8,PE/Athletics
GYM3,Basketball Girls III (Sub Ath),Basketball Girls III (Sub Ath) RM GYM3,4,PE/Athletics
GYM3,Basketball Girls III (Sub Ath),Basketball Girls III (Sub Ath) RM GYM3,8,PE/Athletics
GYM3,Basketball Girls IV(Sub Ath),Basketball Girls IV(Sub Ath) RM GYM3,4,PE/Athletics
GYM3,Basketball Girls IV(Sub Ath),Basketball Girls IV(Sub Ath) RM GYM3,8,PE/Athletics
1505,Biology,Biology RM 1505,3,Science
1505,Biology,Biology RM 1505,4,Science
1505,Biology,Biology RM 1505,5,Science
1510,Biology,Biology RM 1510,1,Science
1510,Biology,Biology RM 1510,5,Science
1510,Biology,Biology RM 1510,6,Science
1510,Biology,Biology RM 1510,8,Science
1511,Biology,Biology RM 1511,8,Science
1511,Biology,Biology RM 1511,1,Science
1511,Biology,Biology RM 1511,2,Science
1511,Biology,Biology RM 1511,8,Science
1511,Biology,Biology RM 1511,1,Science
1511,Biology,Biology RM 1511,2,Science
1148,Biology ,Biology  RM 1148,5,Science
1148,Biology ,Biology  RM 1148,1,Science
1148,Biology ,Biology  RM 1148,7,Science
1148,Biology ,Biology  RM 1148,3,Science
1511,Biology ,Biology  RM 1511,8,Science
1511,Biology ,Biology  RM 1511,1,Science
1511,Biology ,Biology  RM 1511,2,Science
1505,Biology Adv,Biology Adv RM 1505,1,Science
1505,Biology Adv,Biology Adv RM 1505,8,Science
1505,Biology Adv,Biology Adv RM 1505,6,Science
1510,Biology Adv,Biology Adv RM 1510,3,Science
1510,Biology Adv,Biology Adv RM 1510,4,Science
1511,Biology Adv,Biology Adv RM 1511,4,Science
1511,Biology Adv,Biology Adv RM 1511,5,Science
1511,Biology Adv,Biology Adv RM 1511,6,Science
1512,Biology Adv,Biology Adv RM 1512,1,Science
1512,Biology Adv,Biology Adv RM 1512,2,Science
1512,Biology Adv,Biology Adv RM 1512,5,Science
2705,Biology Adv,Biology Adv RM 2705,6,Science
2705,Biology Adv,Biology Adv RM 2705,8,Science
2705,Biology Adv,Biology Adv RM 2705,5,Science
2705,Biology Adv,Biology Adv RM 2705,1,Science
2705,Biology Adv,Biology Adv RM 2705,2,Science
2703,Biology AP,Biology AP RM 2703,7,Science
2703,Biology AP,Biology AP RM 2703,3,Science
2703,Biology AP,Biology AP RM 2703,2,Science
2703,Biology AP,Biology AP RM 2703,6,Science
2703,Biology AP,Biology AP RM 2703,5,Science
1515,Biology IB HL,Biology IB HL RM 1515,2,Science
1515,Biology IB HL,Biology IB HL RM 1515,3,Science
1515,Biology IB HL,Biology IB HL RM 1515,6,Science
1515,Biology IB SL,Biology IB SL RM 1515,2,Science
1515,Biology IB SL,Biology IB SL RM 1515,3,Science
1613,Business Info Management I,Business Info Management I RM 1613,1,CTE
1613,Business Info Management I,Business Info Management I RM 1613,2,CTE
1613,Business Info Management I,Business Info Management I RM 1613,5,CTE
1613,Business Info Management I,Business Info Management I RM 1613,6,CTE
1614,Business Info Management I,Business Info Management I RM 1614,6,CTE
1614,Business Info Management I,Business Info Management I RM 1614,7,CTE
1614,Business Info Management I,Business Info Management I RM 1614,2,CTE
1614,Business Info Management I,Business Info Management I RM 1614,4,CTE
1614,Business Info Management I,Business Info Management I RM 1614,5,CTE
1614,Business Info Management I,Business Info Management I RM 1614,3,CTE
1614,Business Info Management I ,Business Info Management I  RM 1614,4,CTE
1614,Business Info Management I ,Business Info Management I  RM 1614,7,CTE
1614,Business Info Management I ,Business Info Management I  RM 1614,5,CTE
1614,Business Info Management I ,Business Info Management I  RM 1614,3,CTE
2702,Business Law,Business Law RM 2702,2,CTE
2702,Business Law,Business Law RM 2702,4,CTE
1612,Business Management,Business Management RM 1612,7,CTE
1612,Business Management,Business Management RM 1612,8,CTE
1612,Business Management,Business Management RM 1612,1,CTE
2702,Business Management,Business Management RM 2702,8,CTE
1356,Calculus AB AP,Calculus AB AP RM 1356,4,Math
1356,Calculus AB AP,Calculus AB AP RM 1356,7,Math
1356,Calculus AB AP,Calculus AB AP RM 1356,8,Math
1359,Calculus AB AP,Calculus AB AP RM 1359,2,Math
1359,Calculus AB AP,Calculus AB AP RM 1359,1,Math
1359,Calculus AB AP,Calculus AB AP RM 1359,6,Math
1359,Calculus AB AP,Calculus AB AP RM 1359,5,Math
1358,Calculus BC AP,Calculus BC AP RM 1358,6,Math
1358,Calculus BC AP,Calculus BC AP RM 1358,3,Math
2708,Capstone Seminar AP,Capstone Seminar AP RM 2708,6,Other
2708,Capstone Seminar AP,Capstone Seminar AP RM 2708,4,Other
1359,Cheerleading I,Cheerleading I RM 1359,4,PE/Athletics
1359,Cheerleading I,Cheerleading I RM 1359,8,PE/Athletics
1359,Cheerleading I EOD,Cheerleading I EOD RM 1359,8,PE/Athletics
1359,Cheerleading II,Cheerleading II RM 1359,4,PE/Athletics
1359,Cheerleading II,Cheerleading II RM 1359,8,PE/Athletics
1359,Cheerleading II EOD,Cheerleading II EOD RM 1359,8,PE/Athletics
1359,Cheerleading III,Cheerleading III RM 1359,4,PE/Athletics
1359,Cheerleading III,Cheerleading III RM 1359,8,PE/Athletics
1359,Cheerleading III EOD,Cheerleading III EOD RM 1359,8,PE/Athletics
1359,Cheerleading IV,Cheerleading IV RM 1359,4,PE/Athletics
1359,Cheerleading IV,Cheerleading IV RM 1359,8,PE/Athletics
1359,Cheerleading IV EOD,Cheerleading IV EOD RM 1359,8,PE/Athletics
1501,Chemistry,Chemistry RM 1501,7,Science
1501,Chemistry,Chemistry RM 1501,5,Science
1501,Chemistry,Chemistry RM 1501,3,Science
1501,Chemistry,Chemistry RM 1501,4,Science
1504,Chemistry,Chemistry RM 1504,8,Science
1505,Chemistry,Chemistry RM 1505,2,Science
1505,Chemistry,Chemistry RM 1505,4,Science
1506,Chemistry,Chemistry RM 1506,6,Science
1506,Chemistry,Chemistry RM 1506,4,Science
1506,Chemistry,Chemistry RM 1506,5,Science
1506,Chemistry,Chemistry RM 1506,3,Science
1506,Chemistry,Chemistry RM 1506,2,Science
1506,Chemistry,Chemistry RM 1506,6,Science
1506,Chemistry,Chemistry RM 1506,4,Science
1506,Chemistry,Chemistry RM 1506,2,Science
1505,Chemistry ,Chemistry  RM 1505,6,Science
1506,Chemistry ,Chemistry  RM 1506,4,Science
1506,Chemistry ,Chemistry  RM 1506,2,Science
1506,Chemistry ,Chemistry  RM 1506,4,Science
1507,Chemistry Adv,Chemistry Adv RM 1507,3,Science
1507,Chemistry Adv,Chemistry Adv RM 1507,4,Science
1507,Chemistry Adv,Chemistry Adv RM 1507,5,Science
1507,Chemistry Adv,Chemistry Adv RM 1507,7,Science
1514,Chemistry Adv,Chemistry Adv RM 1514,3,Science
1514,Chemistry Adv,Chemistry Adv RM 1514,6,Science
1514,Chemistry Adv,Chemistry Adv RM 1514,7,Science
1514,Chemistry Adv,Chemistry Adv RM 1514,2,Science
1516,Chemistry Adv,Chemistry Adv RM 1516,5,Science
1516,Chemistry Adv,Chemistry Adv RM 1516,4,Science
1516,Chemistry Adv,Chemistry Adv RM 1516,6,Science
1516,Chemistry Adv,Chemistry Adv RM 1516,7,Science
1517,Chemistry Adv,Chemistry Adv RM 1517,2,Science
1517,Chemistry Adv,Chemistry Adv RM 1517,3,Science
1517,Chemistry Adv,Chemistry Adv RM 1517,4,Science
1517,Chemistry Adv,Chemistry Adv RM 1517,7,Science
1517,Chemistry Adv,Chemistry Adv RM 1517,8,Science
1517,Chemistry Adv,Chemistry Adv RM 1517,6,Science
1516,Chemistry AP,Chemistry AP RM 1516,2,Science
1516,Chemistry AP,Chemistry AP RM 1516,3,Science
1507,Chemistry IB HL,Chemistry IB HL RM 1507,2,Science
1507,Chemistry IB HL,Chemistry IB HL RM 1507,6,Science
1507,Chemistry IB SL,Chemistry IB SL RM 1507,2,Science
1410,Chinese I,Chinese I RM 1410,8,LOTE
1410,Chinese I,Chinese I RM 1410,7,LOTE
1410,Chinese II Adv,Chinese II Adv RM 1410,3,LOTE
2208,Chinese III,Chinese III RM 2208,1,LOTE
2208,Chinese III,Chinese III RM 2208,2,LOTE
2208,Chinese III,Chinese III RM 2208,5,LOTE
2208,Chinese III,Chinese III RM 2208,4,LOTE
1410,Chinese III Adv,Chinese III Adv RM 1410,2,LOTE
2208,Chinese IV,Chinese IV RM 2208,6,LOTE
6002,Choir Voens,Choir Voens RM 6002,3,Fine Arts
6002,Choir Voens,Choir Voens RM 6002,7,Fine Arts
6002,Choir Voens,Choir Voens RM 6002,3,Fine Arts
6002,Choir Voens,Choir Voens RM 6002,7,Fine Arts
6002,Choir Voens,Choir Voens RM 6002,3,Fine Arts
6002,Choir Voens,Choir Voens RM 6002,7,Fine Arts
1306,College & Career Peer Advisor,College & Career Peer Advisor RM 1306,3,CTE
1306,College & Career Peer Advisor,College & Career Peer Advisor RM 1306,4,CTE
1306,College & Career Peer Advisor,College & Career Peer Advisor RM 1306,5,CTE
1306,College & Career Peer Advisor,College & Career Peer Advisor RM 1306,7,CTE
1306,College & Career Peer Advisor,College & Career Peer Advisor RM 1306,8,CTE
1306,College & Career Peer Advisor,College & Career Peer Advisor RM 1306,2,CTE
1306,College & Career Peer Advisor,College & Career Peer Advisor RM 1306,6,CTE
1354,College Prep Math,College Prep Math RM 1354,7,Math
1354,College Prep Math,College Prep Math RM 1354,6,Math
1416,College Prep Math,College Prep Math RM 1416,3,Math
1416,College Prep Math,College Prep Math RM 1416,1,Math
1416,College Prep Math,College Prep Math RM 1416,1,Math
2708,College Transition,College Transition RM 2708,1,CTE
2708,College Transition,College Transition RM 2708,1,CTE
5005,Color Guard I EOD,Color Guard I EOD RM 5005,6,Fine Arts
5005,Color Guard II EOD,Color Guard II EOD RM 5005,6,Fine Arts
5005,Color Guard III EOD,Color Guard III EOD RM 5005,6,Fine Arts
5005,Color Guard IV EOD,Color Guard IV EOD RM 5005,6,Fine Arts
1706,Comp Sci Principles AP,Comp Sci Principles AP RM 1706,1,CTE
1706,Comp Sci Principles AP,Comp Sci Principles AP RM 1706,6,CTE
1705,Computer Science A AP,Computer Science A AP RM 1705,1,CTE
1705,Computer Science A AP,Computer Science A AP RM 1705,2,CTE
1705,Computer Science A AP,Computer Science A AP RM 1705,7,CTE
1705,Computer Science A AP,Computer Science A AP RM 1705,5,CTE
1705,Computer Science A AP,Computer Science A AP RM 1705,4,CTE
1703,Computer Science I Adv,Computer Science I Adv RM 1703,5,CTE
1703,Computer Science I Adv,Computer Science I Adv RM 1703,6,CTE
1704,Computer Science I Adv,Computer Science I Adv RM 1704,1,CTE
1704,Computer Science I Adv,Computer Science I Adv RM 1704,5,CTE
1704,Computer Science I Adv,Computer Science I Adv RM 1704,2,CTE
1705,Computer Science I Adv,Computer Science I Adv RM 1705,8,CTE
1706,Computer Science I Adv,Computer Science I Adv RM 1706,3,CTE
1703,Computer Science IB HL,Computer Science IB HL RM 1703,6,CTE
1703,Computer Science IB HL,Computer Science IB HL RM 1703,1,CTE
1703,Computer Science III,Computer Science III RM 1703,1,CTE
1703,Computer Science III,Computer Science III RM 1703,2,CTE
6001,Concert Band I,Concert Band I RM 6001,4,Fine Arts
6001,Concert Band I,Concert Band I RM 6001,8,Fine Arts
6001,Concert Band II,Concert Band II RM 6001,4,Fine Arts
6001,Concert Band II,Concert Band II RM 6001,8,Fine Arts
6001,Concert Band III,Concert Band III RM 6001,4,Fine Arts
6001,Concert Band III,Concert Band III RM 6001,8,Fine Arts
6001,Concert Band IV,Concert Band IV RM 6001,4,Fine Arts
6001,Concert Band IV,Concert Band IV RM 6001,8,Fine Arts
1713,Counseling & Mental Health,Counseling & Mental Health RM 1713,2,Social Studies
2113,Creative & Imaginative Writing,Creative & Imaginative Writing RM 2113,6,English
2113,Creative & Imaginative Writing,Creative & Imaginative Writing RM 2113,6,English
2208,Credit Recovery,Credit Recovery RM 2208,3,Other
2208,Credit Recovery,Credit Recovery RM 2208,6,Other
2208,Credit Recovery,Credit Recovery RM 2208,4,Other
2208,Credit Recovery,Credit Recovery RM 2208,5,Other
2208,Credit Recovery,Credit Recovery RM 2208,8,Other
2208,Credit Recovery,Credit Recovery RM 2208,7,Other
2208,Credit Recovery,Credit Recovery RM 2208,2,Other
2208,Credit Recovery,Credit Recovery RM 2208,1,Other
GYM5,Cross Country I (Sub Ath),Cross Country I (Sub Ath) RM GYM5,1,PE/Athletics
GYM5,Cross Country I (Sub Ath),Cross Country I (Sub Ath) RM GYM5,5,PE/Athletics
GYM5,Cross Country II (Sub Ath),Cross Country II (Sub Ath) RM GYM5,1,PE/Athletics
GYM5,Cross Country II (Sub Ath),Cross Country II (Sub Ath) RM GYM5,5,PE/Athletics
GYM5,Cross Country III (Sub Ath),Cross Country III (Sub Ath) RM GYM5,1,PE/Athletics
GYM5,Cross Country III (Sub Ath),Cross Country III (Sub Ath) RM GYM5,5,PE/Athletics
GYM5,Cross Country IV (Sub Ath),Cross Country IV (Sub Ath) RM GYM5,1,PE/Athletics
GYM5,Cross Country IV (Sub Ath),Cross Country IV (Sub Ath) RM GYM5,5,PE/Athletics
5005,Dance Composition & Improv I,Dance Composition & Improv I RM 5005,2,Fine Arts
5005,Dance Composition & Improv I,Dance Composition & Improv I RM 5005,3,Fine Arts
5005,Dance Composition & Improv I,Dance Composition & Improv I RM 5005,7,Fine Arts
5005,Dance Composition & Improv II,Dance Composition & Improv II RM 5005,2,Fine Arts
5005,Dance Composition & Improv II,Dance Composition & Improv II RM 5005,3,Fine Arts
5005,Dance III: IB Dance I,Dance III: IB Dance I RM 5005,3,Fine Arts
5005,Dance Team II,Dance Team II RM 5005,1,Fine Arts
5005,Dance Team II,Dance Team II RM 5005,5,Fine Arts
5005,Dance Team II,Dance Team II RM 5005,1,Fine Arts
5005,Dance Team II,Dance Team II RM 5005,2,Fine Arts
5005,Dance Team III,Dance Team III RM 5005,1,Fine Arts
5005,Dance Team III,Dance Team III RM 5005,5,Fine Arts
5005,Dance Team IV,Dance Team IV RM 5005,1,Fine Arts
5005,Dance Team IV,Dance Team IV RM 5005,5,Fine Arts
5005,Dance Team Prep I,Dance Team Prep I RM 5005,2,Fine Arts
5005,Dance Team Prep II,Dance Team Prep II RM 5005,2,Fine Arts
2112,Debate I,Debate I RM 2112,7,CTE
2112,Debate I,Debate I RM 2112,5,CTE
2112,Debate I,Debate I RM 2112,8,CTE
2112,Debate II,Debate II RM 2112,4,CTE
2112,Debate II,Debate II RM 2112,2,CTE
2112,Debate III,Debate III RM 2112,2,CTE
1708,Digital Electronics PLTW,Digital Electronics PLTW RM 1708,1,CTE
1708,Digital Electronics PLTW,Digital Electronics PLTW RM 1708,6,CTE
1706,Digital Forensics,Digital Forensics RM 1706,2,CTE
1706,Digital Forensics,Digital Forensics RM 1706,7,CTE
1706,Digital Forensics,Digital Forensics RM 1706,8,CTE
1502,Earth & Space Science,Earth & Space Science RM 1502,1,Science
1502,Earth & Space Science,Earth & Space Science RM 1502,3,Science
1502,Earth & Space Science,Earth & Space Science RM 1502,7,Science
1502,Earth & Space Science,Earth & Space Science RM 1502,6,Science
1502,Earth & Space Science,Earth & Space Science RM 1502,8,Science
1502,Earth & Space Science,Earth & Space Science RM 1502,2,Science
1502,Earth & Space Science,Earth & Space Science RM 1502,3,Science
2712,Earth & Space Science,Earth & Space Science RM 2712,7,Science
2712,Earth & Space Science,Earth & Space Science RM 2712,2,Science
1148,Earth & Space Science ,Earth & Space Science  RM 1148,5,Science
1502,Earth & Space Science ,Earth & Space Science  RM 1502,3,Science
1502,Earth & Space Science ,Earth & Space Science  RM 1502,1,Science
1502,Earth & Space Science ,Earth & Space Science  RM 1502,8,Science
2712,Earth & Space Science ,Earth & Space Science  RM 2712,7,Science
AX42,Economics ACC ,Economics ACC  RM AX42,5,Social Studies
AX42,Economics ACC ,Economics ACC  RM AX42,8,Social Studies
2212,Economics: Free Enterprise,Economics: Free Enterprise RM 2212,4,Social Studies
2212,Economics: Free Enterprise,Economics: Free Enterprise RM 2212,6,Social Studies
2212,Economics: Free Enterprise,Economics: Free Enterprise RM 2212,6,Social Studies
2312,Economics: Free Enterprise,Economics: Free Enterprise RM 2312,2,Social Studies
2312,Economics: Free Enterprise,Economics: Free Enterprise RM 2312,2,Social Studies
2312,Economics: Free Enterprise,Economics: Free Enterprise RM 2312,7,Social Studies
2312,Economics: Free Enterprise,Economics: Free Enterprise RM 2312,6,Social Studies
2312,Economics: Free Enterprise,Economics: Free Enterprise RM 2312,5,Social Studies
2312,Economics: Free Enterprise,Economics: Free Enterprise RM 2312,6,Social Studies
2312,Economics: Free Enterprise,Economics: Free Enterprise RM 2312,2,Social Studies
2312,Economics: Free Enterprise,Economics: Free Enterprise RM 2312,2,Social Studies
2312,Economics: Free Enterprise,Economics: Free Enterprise RM 2312,6,Social Studies
2312,Economics: Free Enterprise,Economics: Free Enterprise RM 2312,6,Social Studies
2315,Economics: Free Enterprise,Economics: Free Enterprise RM 2315,7,Social Studies
2315,Economics: Free Enterprise,Economics: Free Enterprise RM 2315,7,Social Studies
2316,Economics: Free Enterprise,Economics: Free Enterprise RM 2316,3,Social Studies
2316,Economics: Free Enterprise,Economics: Free Enterprise RM 2316,3,Social Studies
2316,Economics: Free Enterprise,Economics: Free Enterprise RM 2316,3,Social Studies
1148,Economics: Free Enterprise ,Economics: Free Enterprise  RM 1148,7,Social Studies
1148,Economics: Free Enterprise ,Economics: Free Enterprise  RM 1148,7,Social Studies
1148,Economics: Free Enterprise ,Economics: Free Enterprise  RM 1148,4,Social Studies
2312,Economics: Free Enterprise ,Economics: Free Enterprise  RM 2312,2,Social Studies
2312,Economics: Free Enterprise ,Economics: Free Enterprise  RM 2312,2,Social Studies
2312,Economics: Free Enterprise ,Economics: Free Enterprise  RM 2312,6,Social Studies
2312,Economics: Free Enterprise ,Economics: Free Enterprise  RM 2312,6,Social Studies
1710,Engineering Science PLTW,Engineering Science PLTW RM 1710,5,CTE
1710,Engineering Science PLTW,Engineering Science PLTW RM 1710,6,CTE
2105,English I,English I RM 2105,4,English
2105,English I,English I RM 2105,7,English
2105,English I,English I RM 2105,5,English
2201,English I,English I RM 2201,5,English
2201,English I,English I RM 2201,6,English
2202,English I,English I RM 2202,1,English
2202,English I,English I RM 2202,2,English
2202,English I,English I RM 2202,5,English
2202,English I,English I RM 2202,1,English
2202,English I,English I RM 2202,2,English
2202,English I,English I RM 2202,5,English
1148,English I ,English I  RM 1148,4,English
1148,English I ,English I  RM 1148,4,English
1207,English I ,English I  RM 1207,2,English
1207,English I ,English I  RM 1207,5,English
2202,English I ,English I  RM 2202,1,English
2202,English I ,English I  RM 2202,2,English
2202,English I ,English I  RM 2202,5,English
2104,English I Adv,English I Adv RM 2104,4,English
2104,English I Adv,English I Adv RM 2104,5,English
2104,English I Adv,English I Adv RM 2104,6,English
2104,English I Adv,English I Adv RM 2104,7,English
2105,English I Adv,English I Adv RM 2105,1,English
2105,English I Adv,English I Adv RM 2105,2,English
2105,English I Adv,English I Adv RM 2105,8,English
2201,English I Adv,English I Adv RM 2201,1,English
2201,English I Adv,English I Adv RM 2201,2,English
2201,English I Adv,English I Adv RM 2201,4,English
2201,English I Adv,English I Adv RM 2201,7,English
2202,English I Adv,English I Adv RM 2202,4,English
2202,English I Adv,English I Adv RM 2202,6,English
2202,English I Adv,English I Adv RM 2202,8,English
2104,English I QUEST,English I QUEST RM 2104,1,English
2104,English I QUEST,English I QUEST RM 2104,2,English
2110,English I QUEST,English I QUEST RM 2110,5,English
2110,English I QUEST,English I QUEST RM 2110,7,English
2210,English I SOL,English I SOL RM 2210,5,English
2103,English II,English II RM 2103,7,English
2103,English II,English II RM 2103,1,English
2103,English II,English II RM 2103,5,English
2103,English II,English II RM 2103,8,English
2103,English II,English II RM 2103,7,English
2103,English II,English II RM 2103,1,English
2103,English II,English II RM 2103,5,English
2207,English II,English II RM 2207,8,English
2207,English II,English II RM 2207,7,English
2207,English II,English II RM 2207,2,English
2207,English II,English II RM 2207,3,English
2207,English II,English II RM 2207,7,English
2207,English II,English II RM 2207,8,English
2207,English II,English II RM 2207,2,English
1148,English II ,English II  RM 1148,4,English
1148,English II ,English II  RM 1148,4,English
1207,English II ,English II  RM 1207,2,English
1207,English II ,English II  RM 1207,5,English
2103,English II ,English II  RM 2103,5,English
2103,English II ,English II  RM 2103,1,English
2103,English II ,English II  RM 2103,7,English
2207,English II ,English II  RM 2207,8,English
2207,English II ,English II  RM 2207,7,English
2207,English II ,English II  RM 2207,2,English
2207,English II ,English II  RM 2207,7,English
2101,English II Adv,English II Adv RM 2101,2,English
2101,English II Adv,English II Adv RM 2101,3,English
2101,English II Adv,English II Adv RM 2101,5,English
2103,English II Adv,English II Adv RM 2103,2,English
2103,English II Adv,English II Adv RM 2103,3,English
2110,English II Adv,English II Adv RM 2110,1,English
2111,English II Adv,English II Adv RM 2111,2,English
2111,English II Adv,English II Adv RM 2111,3,English
2111,English II Adv,English II Adv RM 2111,8,English
2117,English II Adv,English II Adv RM 2117,3,English
2117,English II Adv,English II Adv RM 2117,4,English
2117,English II Adv,English II Adv RM 2117,5,English
2117,English II Adv,English II Adv RM 2117,7,English
2117,English II Adv,English II Adv RM 2117,8,English
2207,English II Adv,English II Adv RM 2207,1,English
2207,English II Adv,English II Adv RM 2207,5,English
2102,English II QUEST,English II QUEST RM 2102,1,English
2102,English II QUEST,English II QUEST RM 2102,5,English
2110,English II QUEST,English II QUEST RM 2110,2,English
2110,English II QUEST,English II QUEST RM 2110,4,English
2110,English II QUEST,English II QUEST RM 2110,8,English
2210,English II SOL,English II SOL RM 2210,3,English
2116,English III,English III RM 2116,4,English
2116,English III,English III RM 2116,8,English
2116,English III,English III RM 2116,3,English
2116,English III,English III RM 2116,5,English
2117,English III,English III RM 2117,1,English
2203,English III,English III RM 2203,2,English
2203,English III,English III RM 2203,5,English
2203,English III,English III RM 2203,1,English
2203,English III,English III RM 2203,6,English
1148,English III ,English III  RM 1148,4,English
1148,English III ,English III  RM 1148,4,English
1207,English III ,English III  RM 1207,1,English
1207,English III ,English III  RM 1207,5,English
1207,English III ,English III  RM 1207,2,English
2116,English III ,English III  RM 2116,4,English
2116,English III ,English III  RM 2116,4,English
2203,English III ,English III  RM 2203,1,English
2203,English III ,English III  RM 2203,6,English
2203,English III ,English III  RM 2203,1,English
2203,English III ,English III  RM 2203,6,English
2203,English III ,English III  RM 2203,8,English
2210,English III ,English III  RM 2210,2,English
2210,English III ,English III  RM 2210,3,English
AX33,English III ACC,English III ACC RM AX33,5,English
AX33,English III ACC,English III ACC RM AX33,3,English
AX33,English III ACC,English III ACC RM AX33,4,English
AX33,English III ACC,English III ACC RM AX33,3,English
AX33,English III ACC,English III ACC RM AX33,4,English
AX34,English III ACC,English III ACC RM AX34,1,English
AX34,English III ACC,English III ACC RM AX34,5,English
AX35,English III ACC,English III ACC RM AX35,1,English
AX35,English III ACC,English III ACC RM AX35,5,English
AX35,English III ACC,English III ACC RM AX35,3,English
AX35,English III ACC,English III ACC RM AX35,7,English
AX35,English III ACC,English III ACC RM AX35,8,English
AX35,English III ACC,English III ACC RM AX35,5,English
AX35,English III ACC,English III ACC RM AX35,7,English
AX35,English III ACC,English III ACC RM AX35,8,English
AX35,English III ACC,English III ACC RM AX35,4,English
AX39,English III ACC,English III ACC RM AX39,4,English
AX42,English III ACC,English III ACC RM AX42,7,English
N/A,English III ACC (ENGL 1301),English III ACC (ENGL 1301) RM N/A,0,English
2114,English III AP Lang & Comp,English III AP Lang & Comp RM 2114,1,English
2114,English III AP Lang & Comp,English III AP Lang & Comp RM 2114,7,English
2114,English III AP Lang & Comp,English III AP Lang & Comp RM 2114,2,English
2114,English III AP Lang & Comp,English III AP Lang & Comp RM 2114,3,English
2118,English III AP Lang & Comp,English III AP Lang & Comp RM 2118,5,English
2118,English III AP Lang & Comp,English III AP Lang & Comp RM 2118,3,English
2118,English III AP Lang & Comp,English III AP Lang & Comp RM 2118,6,English
2118,English III AP Lang & Comp,English III AP Lang & Comp RM 2118,4,English
2101,English III IB HL 1,English III IB HL 1 RM 2101,1,English
2101,English III IB HL 1,English III IB HL 1 RM 2101,8,English
2111,English IV,English IV RM 2111,1,English
2111,English IV,English IV RM 2111,5,English
2111,English IV,English IV RM 2111,7,English
2113,English IV,English IV RM 2113,2,English
2113,English IV,English IV RM 2113,8,English
2114,English IV,English IV RM 2114,5,English
2114,English IV,English IV RM 2114,6,English
2114,English IV,English IV RM 2114,5,English
2115,English IV,English IV RM 2115,8,English
2115,English IV,English IV RM 2115,7,English
2115,English IV,English IV RM 2115,3,English
2115,English IV,English IV RM 2115,2,English
2115,English IV,English IV RM 2115,5,English
2115,English IV,English IV RM 2115,8,English
1148,English IV ,English IV  RM 1148,4,English
1148,English IV ,English IV  RM 1148,4,English
1207,English IV ,English IV  RM 1207,3,English
1207,English IV ,English IV  RM 1207,7,English
2114,English IV ,English IV  RM 2114,5,English
2114,English IV ,English IV  RM 2114,5,English
2115,English IV ,English IV  RM 2115,8,English
2115,English IV ,English IV  RM 2115,5,English
AX34,English IV ACC,English IV ACC RM AX34,5,English
AX34,English IV ACC,English IV ACC RM AX34,4,English
AX34,English IV ACC,English IV ACC RM AX34,8,English
AX34,English IV ACC,English IV ACC RM AX34,1,English
AX35,English IV ACC,English IV ACC RM AX35,4,English
AX33,English IV ACC ,English IV ACC  RM AX33,4,English
AX42,English IV ACC ,English IV ACC  RM AX42,4,English
N/A,English IV ACC (ENGL 1301),English IV ACC (ENGL 1301) RM N/A,0,English
N/A,English IV ACC (ENGL 2322),English IV ACC (ENGL 2322) RM N/A,0,English
2102,English IV AP Lit & Lang,English IV AP Lit & Lang RM 2102,8,English
2102,English IV AP Lit & Lang,English IV AP Lit & Lang RM 2102,7,English
2102,English IV AP Lit & Lang,English IV AP Lit & Lang RM 2102,3,English
2102,English IV AP Lit & Lang,English IV AP Lit & Lang RM 2102,2,English
2113,English IV AP Lit & Lang,English IV AP Lit & Lang RM 2113,1,English
2113,English IV AP Lit & Lang,English IV AP Lit & Lang RM 2113,3,English
2113,English IV AP Lit & Lang,English IV AP Lit & Lang RM 2113,5,English
2116,English IV IB HL 2,English IV IB HL 2 RM 2116,7,English
2116,English IV IB HL 2,English IV IB HL 2 RM 2116,1,English
1607,Entrepreneurship,Entrepreneurship RM 1607,1,CTE
1607,Entrepreneurship,Entrepreneurship RM 1607,3,CTE
1607,Entrepreneurship,Entrepreneurship RM 1607,2,CTE
1607,Entrepreneurship,Entrepreneurship RM 1607,4,CTE
1508,Environmental Science AP,Environmental Science AP RM 1508,2,Science
1508,Environmental Science AP,Environmental Science AP RM 1508,8,Science
1508,Environmental Science AP,Environmental Science AP RM 1508,6,Science
1508,Environmental Science AP,Environmental Science AP RM 1508,7,Science
1508,Environmental Science AP,Environmental Science AP RM 1508,1,Science
1508,Environmental Science AP,Environmental Science AP RM 1508,3,Science
1504,Environmental Systems,Environmental Systems RM 1504,2,Science
1504,Environmental Systems,Environmental Systems RM 1504,4,Science
1504,Environmental Systems,Environmental Systems RM 1504,6,Science
1504,Environmental Systems,Environmental Systems RM 1504,3,Science
1504,Environmental Systems,Environmental Systems RM 1504,5,Science
1504,Environmental Systems,Environmental Systems RM 1504,2,Science
1148,Environmental Systems ,Environmental Systems  RM 1148,5,Science
1504,Environmental Systems ,Environmental Systems  RM 1504,2,Science
1504,Environmental Systems ,Environmental Systems  RM 1504,6,Science
1701,Equine Science,Equine Science RM 1701,3,CTE
1701,Equine Science,Equine Science RM 1701,6,CTE
2210,ESL Reading I,ESL Reading I RM 2210,6,English
2203,ESL Reading II,ESL Reading II RM 2203,3,English
2210,ESL Reading II,ESL Reading II RM 2210,2,English
2210,ESL Reading II,ESL Reading II RM 2210,6,English
2203,ESL Reading III,ESL Reading III RM 2203,3,English
2210,ESL Reading III,ESL Reading III RM 2210,1,English
2210,ESL Reading III,ESL Reading III RM 2210,2,English
2306,European History AP,European History AP RM 2306,2,Social Studies
1713,Family & Community Services,Family & Community Services RM 1713,3,CTE
1712,Fashion Design I,Fashion Design I RM 1712,4,CTE
1712,Fashion Design I,Fashion Design I RM 1712,7,CTE
1712,Fashion Design II,Fashion Design II RM 1712,2,CTE
1712,Fashion Design II,Fashion Design II RM 1712,3,CTE
1615,Floral Design,Floral Design RM 1615,6,CTE
1615,Floral Design,Floral Design RM 1615,7,CTE
1615,Floral Design,Floral Design RM 1615,5,CTE
GYM1,Football I (Sub Ath),Football I (Sub Ath) RM GYM1,4,PE/Athletics
GYM1,Football I (Sub Ath),Football I (Sub Ath) RM GYM1,8,PE/Athletics
GYM1,Football I (Sub Ath),Football I (Sub Ath) RM GYM1,1,PE/Athletics
GYM1,Football I (Sub Ath),Football I (Sub Ath) RM GYM1,5,PE/Athletics
N/A,Football I (Sub Ath),Football I (Sub Ath) RM N/A,4,PE/Athletics
N/A,Football I (Sub Ath),Football I (Sub Ath) RM N/A,8,PE/Athletics
N/A,Football I (Sub Ath),Football I (Sub Ath) RM N/A,4,PE/Athletics
N/A,Football I (Sub Ath),Football I (Sub Ath) RM N/A,8,PE/Athletics
N/A,Football I (Sub Ath),Football I (Sub Ath) RM N/A,4,PE/Athletics
GYM1,Football II (Sub Ath),Football II (Sub Ath) RM GYM1,1,PE/Athletics
GYM1,Football II (Sub Ath),Football II (Sub Ath) RM GYM1,5,PE/Athletics
N/A,Football II (Sub Ath),Football II (Sub Ath) RM N/A,5,PE/Athletics
N/A,Football II (Sub Ath),Football II (Sub Ath) RM N/A,1,PE/Athletics
N/A,Football II (Sub Ath),Football II (Sub Ath) RM N/A,5,PE/Athletics
N/A,Football II (Sub Ath),Football II (Sub Ath) RM N/A,1,PE/Athletics
N/A,Football II (Sub Ath),Football II (Sub Ath) RM N/A,5,PE/Athletics
N/A,Football II (Sub Ath),Football II (Sub Ath) RM N/A,1,PE/Athletics
N/A,Football II (Sub Ath),Football II (Sub Ath) RM N/A,5,PE/Athletics
N/A,Football II (Sub Ath),Football II (Sub Ath) RM N/A,1,PE/Athletics
N/A,Football II (Sub Ath),Football II (Sub Ath) RM N/A,5,PE/Athletics
N/A,Football II (Sub Ath),Football II (Sub Ath) RM N/A,1,PE/Athletics
N/A,Football II (Sub Ath),Football II (Sub Ath) RM N/A,5,PE/Athletics
GYM1,Football III (Sub Ath),Football III (Sub Ath) RM GYM1,1,PE/Athletics
GYM1,Football III (Sub Ath),Football III (Sub Ath) RM GYM1,5,PE/Athletics
GYM1,Football III (Sub Ath),Football III (Sub Ath) RM GYM1,1,PE/Athletics
GYM1,Football III (Sub Ath),Football III (Sub Ath) RM GYM1,5,PE/Athletics
GYM1,Football III (Sub Ath),Football III (Sub Ath) RM GYM1,1,PE/Athletics
GYM1,Football IV (Sub Ath),Football IV (Sub Ath) RM GYM1,1,PE/Athletics
GYM1,Football IV (Sub Ath),Football IV (Sub Ath) RM GYM1,5,PE/Athletics
GYM1,Football IV (Sub Ath),Football IV (Sub Ath) RM GYM1,1,PE/Athletics
GYM1,Football IV (Sub Ath),Football IV (Sub Ath) RM GYM1,5,PE/Athletics
GYM3,Found of Personal Fitness,Found of Personal Fitness RM GYM3,2,PE/Athletics
GYM3,Found of Personal Fitness,Found of Personal Fitness RM GYM3,6,PE/Athletics
GYM3,Found of Personal Fitness,Found of Personal Fitness RM GYM3,3,PE/Athletics
GYM3,Found of Personal Fitness,Found of Personal Fitness RM GYM3,7,PE/Athletics
GYM3,Found of Personal Fitness ,Found of Personal Fitness  RM GYM3,2,PE/Athletics
GYM3,Found of Personal Fitness ,Found of Personal Fitness  RM GYM3,6,PE/Athletics
GYM3,Found of Personal Fitness ,Found of Personal Fitness  RM GYM3,7,PE/Athletics
2709,French I,French I RM 2709,5,LOTE
2709,French I,French I RM 2709,6,LOTE
2710,French IB HL,French IB HL RM 2710,5,LOTE
2710,French IB HL,French IB HL RM 2710,3,LOTE
2710,French IB SL,French IB SL RM 2710,5,LOTE
2710,French IB SL,French IB SL RM 2710,3,LOTE
2709,French II,French II RM 2709,4,LOTE
2709,French II,French II RM 2709,2,LOTE
2709,French II Adv,French II Adv RM 2709,3,LOTE
2709,French II Adv,French II Adv RM 2709,8,LOTE
2710,French III Adv,French III Adv RM 2710,1,LOTE
2710,French III Adv,French III Adv RM 2710,7,LOTE
2710,French III Adv,French III Adv RM 2710,6,LOTE
2710,French IV AP,French IV AP RM 2710,2,LOTE
2710,French V,French V RM 2710,3,LOTE
1148,General Employability Skills,General Employability Skills RM 1148,1,Other
1148,General Employability Skills,General Employability Skills RM 1148,8,Other
1148,General Employability Skills,General Employability Skills RM 1148,3,Other
1206,General Employability Skills ,General Employability Skills  RM 1206,1,Other
1206,General Employability Skills ,General Employability Skills  RM 1206,2,Other
1206,General Employability Skills ,General Employability Skills  RM 1206,3,Other
1206,General Employability Skills ,General Employability Skills  RM 1206,4,Other
1206,General Employability Skills ,General Employability Skills  RM 1206,7,Other
1206,General Employability Skills ,General Employability Skills  RM 1206,8,Other
1351,Geometry,Geometry RM 1351,1,Math
1351,Geometry,Geometry RM 1351,6,Math
1351,Geometry,Geometry RM 1351,3,Math
1351,Geometry,Geometry RM 1351,6,Math
1351,Geometry,Geometry RM 1351,3,Math
1402,Geometry,Geometry RM 1402,1,Math
1402,Geometry,Geometry RM 1402,3,Math
1402,Geometry,Geometry RM 1402,7,Math
1402,Geometry,Geometry RM 1402,4,Math
1402,Geometry,Geometry RM 1402,4,Math
1406,Geometry,Geometry RM 1406,1,Math
1406,Geometry,Geometry RM 1406,2,Math
1406,Geometry,Geometry RM 1406,5,Math
1406,Geometry,Geometry RM 1406,6,Math
1406,Geometry,Geometry RM 1406,1,Math
1407,Geometry,Geometry RM 1407,3,Math
1407,Geometry,Geometry RM 1407,2,Math
1407,Geometry,Geometry RM 1407,3,Math
1410,Geometry,Geometry RM 1410,4,Math
1410,Geometry,Geometry RM 1410,6,Math
1148,Geometry ,Geometry  RM 1148,3,Math
1208,Geometry ,Geometry  RM 1208,2,Math
1351,Geometry ,Geometry  RM 1351,6,Math
1351,Geometry ,Geometry  RM 1351,3,Math
1406,Geometry ,Geometry  RM 1406,5,Math
1406,Geometry ,Geometry  RM 1406,1,Math
1407,Geometry ,Geometry  RM 1407,3,Math
1412,Geometry Adv,Geometry Adv RM 1412,1,Math
1412,Geometry Adv,Geometry Adv RM 1412,3,Math
1412,Geometry Adv,Geometry Adv RM 1412,7,Math
1414,Geometry Adv,Geometry Adv RM 1414,1,Math
1414,Geometry Adv,Geometry Adv RM 1414,6,Math
1414,Geometry Adv,Geometry Adv RM 1414,5,Math
1417,Geometry Adv,Geometry Adv RM 1417,3,Math
1417,Geometry Adv,Geometry Adv RM 1417,6,Math
1417,Geometry Adv,Geometry Adv RM 1417,7,Math
1417,Geometry Adv,Geometry Adv RM 1417,8,Math
2702,Global Business,Global Business RM 2702,5,CTE
2702,Global Business,Global Business RM 2702,6,CTE
GYM5,Golf I (Sub Ath),Golf I (Sub Ath) RM GYM5,4,PE/Athletics
GYM5,Golf I (Sub Ath),Golf I (Sub Ath) RM GYM5,8,PE/Athletics
GYM5,Golf II (Sub Ath),Golf II (Sub Ath) RM GYM5,4,PE/Athletics
GYM5,Golf II (Sub Ath),Golf II (Sub Ath) RM GYM5,8,PE/Athletics
GYM5,Golf III (Sub Ath),Golf III (Sub Ath) RM GYM5,4,PE/Athletics
GYM5,Golf III (Sub Ath),Golf III (Sub Ath) RM GYM5,8,PE/Athletics
GYM5,Golf IV (Sub Ath),Golf IV (Sub Ath) RM GYM5,4,PE/Athletics
GYM5,Golf IV (Sub Ath),Golf IV (Sub Ath) RM GYM5,8,PE/Athletics
1621,Graphic Design I,Graphic Design I RM 1621,8,CTE
1621,Graphic Design I,Graphic Design I RM 1621,2,CTE
1621,Graphic Design I,Graphic Design I RM 1621,4,CTE
1621,Graphic Design I,Graphic Design I RM 1621,1,CTE
1606,Graphic Design II with Lab,Graphic Design II with Lab RM 1606,2,CTE
1621,Graphic Design II with Lab,Graphic Design II with Lab RM 1621,6,CTE
1621,Graphic Design II with Lab,Graphic Design II with Lab RM 1621,7,CTE
1621,Graphic Design II with Lab,Graphic Design II with Lab RM 1621,7,CTE
1621,Graphic Design II with Lab,Graphic Design II with Lab RM 1621,8,CTE
1621,Graphic Design II with Lab,Graphic Design II with Lab RM 1621,6,CTE
1202,Guided Study Lab I,Guided Study Lab I RM 1202,2,Other
1202,Guided Study Lab I,Guided Study Lab I RM 1202,3,Other
1202,Guided Study Lab I,Guided Study Lab I RM 1202,4,Other
1202,Guided Study Lab I,Guided Study Lab I RM 1202,6,Other
1202,Guided Study Lab I,Guided Study Lab I RM 1202,7,Other
1202,Guided Study Lab I,Guided Study Lab I RM 1202,8,Other
1202,Guided Study Lab I,Guided Study Lab I RM 1202,1,Other
1202,Guided Study Lab I,Guided Study Lab I RM 1202,5,Other
1203,Guided Study Lab I,Guided Study Lab I RM 1203,5,Other
1401,History of the Americas IB,History of the Americas IB RM 1401,3,Social Studies
1401,History of the Americas IB,History of the Americas IB RM 1401,8,Social Studies
2311,History of the Americas IB,History of the Americas IB RM 2311,2,Social Studies
2311,History of the Americas IB,History of the Americas IB RM 2311,8,Social Studies
2704,Human Body Systems PLTW,Human Body Systems PLTW RM 2704,5,CTE
2704,Human Body Systems PLTW,Human Body Systems PLTW RM 2704,4,CTE
2704,Human Body Systems PLTW,Human Body Systems PLTW RM 2704,1,CTE
2304,Human Geography AP,Human Geography AP RM 2304,7,Social Studies
2304,Human Geography AP,Human Geography AP RM 2304,3,Social Studies
2304,Human Geography AP,Human Geography AP RM 2304,5,Social Studies
2304,Human Geography AP,Human Geography AP RM 2304,5,Social Studies
2307,Human Geography AP,Human Geography AP RM 2307,3,Social Studies
2307,Human Geography AP,Human Geography AP RM 2307,6,Social Studies
2307,Human Geography AP,Human Geography AP RM 2307,2,Social Studies
2314,Human Geography AP,Human Geography AP RM 2314,7,Social Studies
2314,Human Geography AP,Human Geography AP RM 2314,4,Social Studies
2314,Human Geography AP,Human Geography AP RM 2314,8,Social Studies
2315,Human Geography AP,Human Geography AP RM 2315,6,Social Studies
1713,Human Growth & Development,Human Growth & Development RM 1713,5,CTE
1713,Human Growth & Development,Human Growth & Development RM 1713,6,CTE
1713,Human Growth & Development,Human Growth & Development RM 1713,7,CTE
2702,Human Resource Management,Human Resource Management RM 2702,5,CTE
2702,Human Resource Management,Human Resource Management RM 2702,6,CTE
2112,Ind Study: Debate 4,Ind Study: Debate 4 RM 2112,2,CTE
1609,Ind Study: Journalism I,Ind Study: Journalism I RM 1609,4,CTE
1609,Ind Study: Journalism II,Ind Study: Journalism II RM 1609,4,CTE
1703,Ind Study: Tech Apps II,Ind Study: Tech Apps II RM 1703,4,CTE
1703,Ind Study: Tech Apps II,Ind Study: Tech Apps II RM 1703,8,CTE
1205,Ind Study: Tech Apps III,Ind Study: Tech Apps III RM 1205,2,CTE
1605,Instructional Practice,Instructional Practice RM 1605,1,CTE
1605,Instructional Practice,Instructional Practice RM 1605,2,CTE
1605,Instructional Practice,Instructional Practice RM 1605,0,CTE
1605,Instructional Practice,Instructional Practice RM 1605,1,CTE
1148,Integrated Physics & Chemistry,Integrated Physics & Chemistry RM 1148,5,Science
1148,Integrated Physics & Chemistry,Integrated Physics & Chemistry RM 1148,5,Science
1501,Integrated Physics & Chemistry,Integrated Physics & Chemistry RM 1501,6,Science
1501,Integrated Physics & Chemistry,Integrated Physics & Chemistry RM 1501,2,Science
1501,Integrated Physics & Chemistry,Integrated Physics & Chemistry RM 1501,2,Science
1501,Integrated Physics & Chemistry,Integrated Physics & Chemistry RM 1501,6,Science
1501,Integrated Physics & Chemistry,Integrated Physics & Chemistry RM 1501,2,Science
1501,Integrated Physics & Chemistry,Integrated Physics & Chemistry RM 1501,6,Science
1502,Integrated Physics & Chemistry,Integrated Physics & Chemistry RM 1502,5,Science
1502,Integrated Physics & Chemistry,Integrated Physics & Chemistry RM 1502,5,Science
1502,Integrated Physics & Chemistry,Integrated Physics & Chemistry RM 1502,5,Science
1512,Integrated Physics & Chemistry,Integrated Physics & Chemistry RM 1512,6,Science
1512,Integrated Physics & Chemistry,Integrated Physics & Chemistry RM 1512,6,Science
1512,Integrated Physics & Chemistry,Integrated Physics & Chemistry RM 1512,6,Science
1604,Interior Design I,Interior Design I RM 1604,1,CTE
1604,Interior Design I,Interior Design I RM 1604,2,CTE
1604,Interior Design I,Interior Design I RM 1604,3,CTE
1604,Interior Design II,Interior Design II RM 1604,5,CTE
1604,Interior Design II,Interior Design II RM 1604,6,CTE
1713,Interpersonal Studies,Interpersonal Studies RM 1713,1,CTE
1713,Interpersonal Studies,Interpersonal Studies RM 1713,1,CTE
1708,Intro Engineering Design PLTW,Intro Engineering Design PLTW RM 1708,7,CTE
1708,Intro Engineering Design PLTW,Intro Engineering Design PLTW RM 1708,8,CTE
1709,Intro Engineering Design PLTW,Intro Engineering Design PLTW RM 1709,3,CTE
1709,Intro Engineering Design PLTW,Intro Engineering Design PLTW RM 1709,4,CTE
1709,Intro Engineering Design PLTW,Intro Engineering Design PLTW RM 1709,1,CTE
1709,Intro Engineering Design PLTW,Intro Engineering Design PLTW RM 1709,5,CTE
1709,Intro Engineering Design PLTW,Intro Engineering Design PLTW RM 1709,7,CTE
1710,Intro Engineering Design PLTW,Intro Engineering Design PLTW RM 1710,2,CTE
1710,Intro Engineering Design PLTW,Intro Engineering Design PLTW RM 1710,1,CTE
1602,Introduction to Culinary Arts,Introduction to Culinary Arts RM 1602,1,CTE
1602,Introduction to Culinary Arts,Introduction to Culinary Arts RM 1602,7,CTE
1602,Introduction to Culinary Arts,Introduction to Culinary Arts RM 1602,6,CTE
1602,Introduction to Culinary Arts,Introduction to Culinary Arts RM 1602,8,CTE
2301,Investigations in Psychology,Investigations in Psychology RM 2301,3,Social Studies
2301,Investigations in Psychology,Investigations in Psychology RM 2301,2,Social Studies
2301,Investigations in Psychology,Investigations in Psychology RM 2301,4,Social Studies
2301,Investigations in Psychology,Investigations in Psychology RM 2301,6,Social Studies
2301,Investigations in Psychology,Investigations in Psychology RM 2301,7,Social Studies
2301,Investigations in Psychology,Investigations in Psychology RM 2301,5,Social Studies
1609,Journalism,Journalism RM 1609,8,CTE
1609,Journalism,Journalism RM 1609,7,CTE
2256,Language Ab Initio IB,Language Ab Initio IB RM 2256,1,English
2256,Language Ab Initio IB,Language Ab Initio IB RM 2256,3,English
2256,Language Ab Initio IB,Language Ab Initio IB RM 2256,5,English
2716,Latin I,Latin I RM 2716,6,LOTE
N/A,Latin I,Latin I RM N/A,0,LOTE
N/A,Latin I (LATI 1411),Latin I (LATI 1411) RM N/A,0,LOTE
2716,Latin IB SL,Latin IB SL RM 2716,7,LOTE
2716,Latin II,Latin II RM 2716,2,LOTE
2716,Latin II Adv,Latin II Adv RM 2716,2,LOTE
2716,Latin III Adv,Latin III Adv RM 2716,7,LOTE
2716,Latin IV AP,Latin IV AP RM 2716,4,LOTE
1205,Leaders in Technology I,Leaders in Technology I RM 1205,1,CTE
1205,Leaders in Technology I,Leaders in Technology I RM 1205,6,CTE
1205,Leaders in Technology I,Leaders in Technology I RM 1205,3,CTE
1205,Leaders in Technology I,Leaders in Technology I RM 1205,8,CTE
1205,Leaders in Technology I,Leaders in Technology I RM 1205,2,CTE
1205,Leaders in Technology II,Leaders in Technology II RM 1205,1,CTE
N/A,Leaders in Technology II,Leaders in Technology II RM N/A,7,CTE
1205,Leaders in Technology III,Leaders in Technology III RM 1205,1,CTE
1205,Leaders in Technology III,Leaders in Technology III RM 1205,6,CTE
1205,Leaders in Technology III,Leaders in Technology III RM 1205,3,CTE
2257,Leadership: Leadworthy,Leadership: Leadworthy RM 2257,1,CTE
2257,Leadership: Leadworthy,Leadership: Leadworthy RM 2257,1,CTE
2257,Leadership: Leadworthy,Leadership: Leadworthy RM 2257,2,CTE
2257,Leadership: Leadworthy,Leadership: Leadworthy RM 2257,2,CTE
2257,Leadership: Leadworthy,Leadership: Leadworthy RM 2257,5,CTE
2257,Leadership: Leadworthy,Leadership: Leadworthy RM 2257,5,CTE
2257,Leadership: Leadworthy,Leadership: Leadworthy RM 2257,6,CTE
2257,Leadership: Leadworthy,Leadership: Leadworthy RM 2257,6,CTE
2707,Lifetime Nutrition & Wellness,Lifetime Nutrition & Wellness RM 2707,1,CTE
2707,Lifetime Nutrition & Wellness,Lifetime Nutrition & Wellness RM 2707,1,CTE
1618,Livestock Production,Livestock Production RM 1618,3,CTE
1618,Livestock Production,Livestock Production RM 1618,3,CTE
2212,Macroeconomics AP,Macroeconomics AP RM 2212,3,Social Studies
2212,Macroeconomics AP,Macroeconomics AP RM 2212,3,Social Studies
2212,Macroeconomics AP,Macroeconomics AP RM 2212,8,Social Studies
2212,Macroeconomics AP,Macroeconomics AP RM 2212,7,Social Studies
2212,Macroeconomics AP,Macroeconomics AP RM 2212,4,Social Studies
2212,Macroeconomics AP,Macroeconomics AP RM 2212,5,Social Studies
2212,Macroeconomics AP,Macroeconomics AP RM 2212,1,Social Studies
1307,MAPS: Academic & Pers Success,MAPS: Academic & Pers Success RM 1307,7,Other
1307,MAPS: Academic & Pers Success,MAPS: Academic & Pers Success RM 1307,5,Other
2701,Marketing,Marketing RM 2701,3,CTE
2701,Marketing,Marketing RM 2701,2,CTE
2701,Marketing,Marketing RM 2701,4,CTE
1148,Math Models with Applications,Math Models with Applications RM 1148,3,Math
1148,Math Models with Applications,Math Models with Applications RM 1148,3,Math
1208,Math Models with Applications,Math Models with Applications RM 1208,7,Math
1208,Math Models with Applications,Math Models with Applications RM 1208,5,Math
1356,Math: Analysis & Appr IB HL,Math: Analysis & Appr IB HL RM 1356,8,Math
1359,Math: Analysis & Appr IB HL,Math: Analysis & Appr IB HL RM 1359,5,Math
1413,Math: Analysis & Appr IB HL,Math: Analysis & Appr IB HL RM 1413,7,Math
1356,Math: Analysis & Appr IB HL1,Math: Analysis & Appr IB HL1 RM 1356,7,Math
1358,Math: Analysis & Appr IB HL2,Math: Analysis & Appr IB HL2 RM 1358,7,Math
1413,Math: Analysis & Appr IB SL,Math: Analysis & Appr IB SL RM 1413,4,Math
1413,Math: Analysis & Appr IB SL,Math: Analysis & Appr IB SL RM 1413,7,Math
N/A,Math: Analysis & Appr IB SL,Math: Analysis & Appr IB SL RM N/A,12,Math
1514,Medical Interventions PLTW,Medical Interventions PLTW RM 1514,5,CTE
1514,Medical Interventions PLTW,Medical Interventions PLTW RM 1514,4,CTE
1506,Medical Microbiology,Medical Microbiology RM 1506,8,CTE
1506,Medical Microbiology,Medical Microbiology RM 1506,7,CTE
2212,Microeconomics AP,Microeconomics AP RM 2212,7,Social Studies
2212,Microeconomics AP,Microeconomics AP RM 2212,1,Social Studies
6002,Mixed Choir I,Mixed Choir I RM 6002,3,Fine Arts
6002,Mixed Choir IV,Mixed Choir IV RM 6002,3,Fine Arts
2701,Money Matters,Money Matters RM 2701,7,Math
2701,Money Matters,Money Matters RM 2701,6,Math
2706,Money Matters,Money Matters RM 2706,3,Math
2706,Money Matters,Money Matters RM 2706,2,Math
2706,Money Matters,Money Matters RM 2706,6,Math
2706,Money Matters,Money Matters RM 2706,7,Math
6002,Music Studies IB HL,Music Studies IB HL RM 6002,5,Fine Arts
6002,Music Studies IB HL,Music Studies IB HL RM 6002,6,Fine Arts
6002,Music Studies IB HL,Music Studies IB HL RM 6002,7,Fine Arts
6002,Music Studies IB HL,Music Studies IB HL RM 6002,5,Fine Arts
6002,Music Studies IB HL,Music Studies IB HL RM 6002,6,Fine Arts
6002,Music Studies IB HL,Music Studies IB HL RM 6002,7,Fine Arts
6001,Music Studies IB SL Y1,Music Studies IB SL Y1 RM 6001,5,Fine Arts
6001,Music Studies IB SL Y1,Music Studies IB SL Y1 RM 6001,6,Fine Arts
6001,Music Studies IB SL Y1,Music Studies IB SL Y1 RM 6001,7,Fine Arts
6001,Music Studies IB SL Y2,Music Studies IB SL Y2 RM 6001,5,Fine Arts
6001,Music Studies IB SL Y2,Music Studies IB SL Y2 RM 6001,6,Fine Arts
6001,Music Studies IB SL Y2,Music Studies IB SL Y2 RM 6001,7,Fine Arts
6002,Music Theory AP,Music Theory AP RM 6002,8,Fine Arts
6005,Musical Theatre I,Musical Theatre I RM 6005,5,Fine Arts
6005,Musical Theatre II,Musical Theatre II RM 6005,5,Fine Arts
6005,Musical Theatre III,Musical Theatre III RM 6005,5,Fine Arts
6005,Musical Theatre IV,Musical Theatre IV RM 6005,5,Fine Arts
1148,Occupational Experience,Occupational Experience RM 1148,1,Other
1148,Occupational Experience,Occupational Experience RM 1148,8,Other
1148,Occupational Experience,Occupational Experience RM 1148,8,Other
1148,Occupational Investigations,Occupational Investigations RM 1148,1,Other
1148,Occupational Investigations,Occupational Investigations RM 1148,8,Other
1707,Peer Asst & Leadership I,Peer Asst & Leadership I RM 1707,1,CTE
1707,Peer Asst & Leadership I,Peer Asst & Leadership I RM 1707,2,CTE
1707,Peer Asst & Leadership I,Peer Asst & Leadership I RM 1707,3,CTE
1707,Peer Asst & Leadership I,Peer Asst & Leadership I RM 1707,5,CTE
1707,Peer Asst & Leadership I,Peer Asst & Leadership I RM 1707,6,CTE
1707,Peer Asst & Leadership I,Peer Asst & Leadership I RM 1707,7,CTE
1707,Peer Asst & Leadership II,Peer Asst & Leadership II RM 1707,1,CTE
1707,Peer Asst & Leadership II,Peer Asst & Leadership II RM 1707,2,CTE
1707,Peer Asst & Leadership II,Peer Asst & Leadership II RM 1707,3,CTE
1707,Peer Asst & Leadership II,Peer Asst & Leadership II RM 1707,5,CTE
1707,Peer Asst & Leadership II,Peer Asst & Leadership II RM 1707,6,CTE
1707,Peer Asst & Leadership II,Peer Asst & Leadership II RM 1707,7,CTE
1204,Personal Social Skill,Personal Social Skill RM 1204,2,Other
1204,Personal Social Skill,Personal Social Skill RM 1204,4,Other
1204,Personal Social Skill,Personal Social Skill RM 1204,5,Other
1204,Personal Social Skill,Personal Social Skill RM 1204,8,Other
1204,Personal Social Skill,Personal Social Skill RM 1204,6,Other
1609,Photojournalism I,Photojournalism I RM 1609,4,CTE
1710,Physics,Physics RM 1710,3,Science
1710,Physics,Physics RM 1710,7,Science
2712,Physics,Physics RM 2712,1,Science
2712,Physics,Physics RM 2712,3,Science
2713,Physics,Physics RM 2713,5,Science
2713,Physics,Physics RM 2713,2,Science
2713,Physics,Physics RM 2713,3,Science
2713,Physics,Physics RM 2713,6,Science
2713,Physics,Physics RM 2713,7,Science
2713,Physics,Physics RM 2713,8,Science
2715,Physics,Physics RM 2715,8,Science
2715,Physics,Physics RM 2715,3,Science
2715,Physics,Physics RM 2715,6,Science
2715,Physics,Physics RM 2715,2,Science
2715,Physics,Physics RM 2715,1,Science
2715,Physics,Physics RM 2715,7,Science
2715,Physics,Physics RM 2715,7,Science
1503,Physics 1 Ap,Physics 1 Ap RM 1503,8,Science
1503,Physics 1 Ap,Physics 1 Ap RM 1503,3,Science
1503,Physics 1 Ap,Physics 1 Ap RM 1503,1,Science
1503,Physics 1 Ap,Physics 1 Ap RM 1503,7,Science
2712,Physics 1 Ap,Physics 1 Ap RM 2712,1,Science
2712,Physics 1 Ap,Physics 1 Ap RM 2712,3,Science
2712,Physics 1 Ap,Physics 1 Ap RM 2712,8,Science
2712,Physics 1 AP,Physics 1 AP RM 2712,6,Science
2714,Physics 1 Ap,Physics 1 Ap RM 2714,5,Science
2714,Physics 1 Ap,Physics 1 Ap RM 2714,3,Science
2714,Physics 1 Ap,Physics 1 Ap RM 2714,6,Science
2714,Physics 1 Ap,Physics 1 Ap RM 2714,2,Science
2714,Physics C: Mechanics AP,Physics C: Mechanics AP RM 2714,1,Science
2714,Physics C: Mechanics AP,Physics C: Mechanics AP RM 2714,8,Science
1503,Physics IB HL,Physics IB HL RM 1503,2,Science
1503,Physics IB HL,Physics IB HL RM 1503,6,Science
1503,Physics IB SL,Physics IB SL RM 1503,2,Science
1503,Physics IB SL,Physics IB SL RM 1503,6,Science
1622,Practicum Agriculture,Practicum Agriculture RM 1622,2,CTE
N/A,Practicum Business Management,Practicum Business Management RM N/A,5,CTE
N/A,Practicum Business Management,Practicum Business Management RM N/A,6,CTE
1306,Practicum Culinary Arts,Practicum Culinary Arts RM 1306,6,CTE
1605,Practicum Education,Practicum Education RM 1605,1,CTE
1605,Practicum Education,Practicum Education RM 1605,2,CTE
1605,Practicum Education,Practicum Education RM 1605,0,CTE
1712,Practicum Fashion Design,Practicum Fashion Design RM 1712,2,CTE
1712,Practicum Fashion Design,Practicum Fashion Design RM 1712,3,CTE
1713,Practicum Human Services,Practicum Human Services RM 1713,3,CTE
1620,Practicum in Aud/Vid Prod,Practicum in Aud/Vid Prod RM 1620,2,CTE
1620,Practicum in Aud/Vid Prod,Practicum in Aud/Vid Prod RM 1620,6,CTE
1621,Practicum in Graph Dsgn & III,Practicum in Graph Dsgn & III RM 1621,6,CTE
1604,Practicum Interior Design,Practicum Interior Design RM 1604,4,CTE
1604,Practicum Interior Design,Practicum Interior Design RM 1604,8,CTE
1604,Practicum Interior Design,Practicum Interior Design RM 1604,5,CTE
1604,Practicum Interior Design,Practicum Interior Design RM 1604,6,CTE
1607,Practicum Marketing,Practicum Marketing RM 1607,2,CTE
1607,Practicum Marketing,Practicum Marketing RM 1607,7,CTE
1607,Practicum Marketing,Practicum Marketing RM 1607,6,CTE
1607,Practicum Marketing,Practicum Marketing RM 1607,7,CTE
1607,Practicum Marketing,Practicum Marketing RM 1607,2,CTE
1607,Practicum Marketing,Practicum Marketing RM 1607,6,CTE
1607,Practicum Marketing,Practicum Marketing RM 1607,1,CTE
1607,Practicum Marketing,Practicum Marketing RM 1607,7,CTE
1701,Practicum Veterinary Medicine,Practicum Veterinary Medicine RM 1701,7,CTE
1357,Pre-Calculus,Pre-Calculus RM 1357,3,Math
1357,Pre-Calculus,Pre-Calculus RM 1357,4,Math
1357,Pre-Calculus,Pre-Calculus RM 1357,8,Math
1409,Pre-Calculus,Pre-Calculus RM 1409,7,Math
1409,Pre-Calculus,Pre-Calculus RM 1409,8,Math
1409,Pre-Calculus,Pre-Calculus RM 1409,6,Math
1415,Pre-Calculus,Pre-Calculus RM 1415,6,Math
1415,Pre-Calculus,Pre-Calculus RM 1415,4,Math
1415,Pre-Calculus,Pre-Calculus RM 1415,7,Math
1417,Pre-Calculus,Pre-Calculus RM 1417,1,Math
1417,Pre-Calculus,Pre-Calculus RM 1417,2,Math
1355,Pre-Calculus Adv,Pre-Calculus Adv RM 1355,5,Math
1355,Pre-Calculus Adv,Pre-Calculus Adv RM 1355,3,Math
1355,Pre-Calculus Adv,Pre-Calculus Adv RM 1355,6,Math
1355,Pre-Calculus Adv,Pre-Calculus Adv RM 1355,7,Math
1358,Pre-Calculus Adv,Pre-Calculus Adv RM 1358,2,Math
1358,Pre-Calculus Adv,Pre-Calculus Adv RM 1358,4,Math
1358,Pre-Calculus Adv,Pre-Calculus Adv RM 1358,8,Math
1407,Pre-Calculus Adv,Pre-Calculus Adv RM 1407,4,Math
1407,Pre-Calculus Adv,Pre-Calculus Adv RM 1407,8,Math
1407,Pre-Calculus Adv,Pre-Calculus Adv RM 1407,6,Math
1407,Pre-Calculus Adv,Pre-Calculus Adv RM 1407,7,Math
1618,Principles of Agriculture,Principles of Agriculture RM 1618,1,CTE
1306,Principles of Arch Design,Principles of Arch Design RM 1306,6,CTE
1620,Principles of Arts & A/V,Principles of Arts & A/V RM 1620,1,CTE
1509,Principles of Biomed Sci PLTW,Principles of Biomed Sci PLTW RM 1509,2,CTE
1509,Principles of Biomed Sci PLTW,Principles of Biomed Sci PLTW RM 1509,8,CTE
1509,Principles of Biomed Sci PLTW,Principles of Biomed Sci PLTW RM 1509,1,CTE
1509,Principles of Biomed Sci PLTW,Principles of Biomed Sci PLTW RM 1509,4,CTE
1509,Principles of Biomed Sci PLTW,Principles of Biomed Sci PLTW RM 1509,7,CTE
1509,Principles of Biomed Sci PLTW,Principles of Biomed Sci PLTW RM 1509,6,CTE
1515,Principles of Biomed Sci PLTW,Principles of Biomed Sci PLTW RM 1515,7,CTE
1515,Principles of Biomed Sci PLTW,Principles of Biomed Sci PLTW RM 1515,1,CTE
1612,Principles of Bus Mkt & Fin,Principles of Bus Mkt & Fin RM 1612,3,CTE
1612,Principles of Bus Mkt & Fin,Principles of Bus Mkt & Fin RM 1612,6,CTE
5005,Principles of Dance I,Principles of Dance I RM 5005,7,Fine Arts
5005,Principles of Dance I,Principles of Dance I RM 5005,3,Fine Arts
5005,Principles of Dance II,Principles of Dance II RM 5005,3,Fine Arts
5005,Principles of Dance III,Principles of Dance III RM 5005,3,Fine Arts
5005,Principles of Dance IV,Principles of Dance IV RM 5005,3,Fine Arts
1605,Principles of Education,Principles of Education RM 1605,6,CTE
1605,Principles of Education,Principles of Education RM 1605,5,CTE
2707,Principles of Human Services,Principles of Human Services RM 2707,4,CTE
2707,Principles of Human Services,Principles of Human Services RM 2707,5,CTE
2707,Principles of Human Services,Principles of Human Services RM 2707,8,CTE
1602,Project-Based Research I,Project-Based Research I RM 1602,2,CTE
1604,Project-Based Research I,Project-Based Research I RM 1604,6,CTE
1604,Project-Based Research I,Project-Based Research I RM 1604,2,CTE
1604,Project-Based Research I,Project-Based Research I RM 1604,6,CTE
1607,Project-Based Research I,Project-Based Research I RM 1607,6,CTE
1607,Project-Based Research I,Project-Based Research I RM 1607,7,CTE
1609,Project-Based Research I,Project-Based Research I RM 1609,2,CTE
1618,Project-Based Research I,Project-Based Research I RM 1618,6,CTE
1622,Project-Based Research I,Project-Based Research I RM 1622,3,CTE
1708,Project-Based Research I,Project-Based Research I RM 1708,2,CTE
2301,Psychology AP,Psychology AP RM 2301,3,Social Studies
2301,Psychology AP,Psychology AP RM 2301,2,Social Studies
2301,Psychology AP,Psychology AP RM 2301,4,Social Studies
2301,Psychology AP,Psychology AP RM 2301,6,Social Studies
2301,Psychology AP,Psychology AP RM 2301,7,Social Studies
2301,Psychology AP,Psychology AP RM 2301,5,Social Studies
2312,Psychology IB HL,Psychology IB HL RM 2312,1,Social Studies
2312,Psychology IB HL,Psychology IB HL RM 2312,8,Social Studies
2312,Psychology IB HL,Psychology IB HL RM 2312,3,Social Studies
2312,Psychology IB SL,Psychology IB SL RM 2312,1,Social Studies
2312,Psychology IB SL,Psychology IB SL RM 2312,8,Social Studies
N/A,Psychology IB SL,Psychology IB SL RM N/A,10,Social Studies
2110,QUEST G/T,QUEST G/T RM 2110,4,Other
1207,Reading Improvement I,Reading Improvement I RM 1207,6,English
2708,Research AP,Research AP RM 2708,3,Other
2708,Research AP,Research AP RM 2708,4,Other
1613,Security and Investments,Security and Investments RM 1613,7,CTE
1148,Skills for Adult Living,Skills for Adult Living RM 1148,1,Other
1148,Skills for Adult Living,Skills for Adult Living RM 1148,8,Other
1148,Skills for Adult Living,Skills for Adult Living RM 1148,1,Other
1701,Small Animal Management,Small Animal Management RM 1701,3,CTE
1701,Small Animal Management,Small Animal Management RM 1701,6,CTE
GYM3,Soccer Boys I (Sub Ath),Soccer Boys I (Sub Ath) RM GYM3,3,PE/Athletics
GYM3,Soccer Boys I (Sub Ath),Soccer Boys I (Sub Ath) RM GYM3,7,PE/Athletics
GYM3,Soccer Boys II (Sub Ath),Soccer Boys II (Sub Ath) RM GYM3,3,PE/Athletics
GYM3,Soccer Boys II (Sub Ath),Soccer Boys II (Sub Ath) RM GYM3,7,PE/Athletics
GYM3,Soccer Boys III (Sub Ath),Soccer Boys III (Sub Ath) RM GYM3,3,PE/Athletics
GYM3,Soccer Boys III (Sub Ath),Soccer Boys III (Sub Ath) RM GYM3,7,PE/Athletics
GYM3,Soccer Boys IV (Sub Ath),Soccer Boys IV (Sub Ath) RM GYM3,3,PE/Athletics
GYM3,Soccer Boys IV (Sub Ath),Soccer Boys IV (Sub Ath) RM GYM3,7,PE/Athletics
GYM5,Soccer Girls I (Sub Ath),Soccer Girls I (Sub Ath) RM GYM5,2,PE/Athletics
GYM5,Soccer Girls I (Sub Ath),Soccer Girls I (Sub Ath) RM GYM5,6,PE/Athletics
GYM5,Soccer Girls II (Sub Ath),Soccer Girls II (Sub Ath) RM GYM5,2,PE/Athletics
GYM5,Soccer Girls II (Sub Ath),Soccer Girls II (Sub Ath) RM GYM5,6,PE/Athletics
GYM5,Soccer Girls III (Sub Ath),Soccer Girls III (Sub Ath) RM GYM5,2,PE/Athletics
GYM5,Soccer Girls III (Sub Ath),Soccer Girls III (Sub Ath) RM GYM5,6,PE/Athletics
GYM5,Soccer Girls IV (Sub Ath),Soccer Girls IV (Sub Ath) RM GYM5,2,PE/Athletics
GYM5,Soccer Girls IV (Sub Ath),Soccer Girls IV (Sub Ath) RM GYM5,6,PE/Athletics
2717,Social Media Marketing,Social Media Marketing RM 2717,2,CTE
2717,Social Media Marketing,Social Media Marketing RM 2717,3,CTE
2717,Social Media Marketing,Social Media Marketing RM 2717,6,CTE
GYM4,Softball I (Sub Ath),Softball I (Sub Ath) RM GYM4,4,PE/Athletics
GYM4,Softball I (Sub Ath),Softball I (Sub Ath) RM GYM4,8,PE/Athletics
GYM4,Softball II (Sub Ath),Softball II (Sub Ath) RM GYM4,4,PE/Athletics
GYM4,Softball II (Sub Ath),Softball II (Sub Ath) RM GYM4,8,PE/Athletics
GYM4,Softball III (Sub Ath),Softball III (Sub Ath) RM GYM4,4,PE/Athletics
GYM4,Softball III (Sub Ath),Softball III (Sub Ath) RM GYM4,8,PE/Athletics
GYM4,Softball IV (Sub Ath),Softball IV (Sub Ath) RM GYM4,4,PE/Athletics
GYM4,Softball IV (Sub Ath),Softball IV (Sub Ath) RM GYM4,8,PE/Athletics
2255,Spanish I,Spanish I RM 2255,5,LOTE
2255,Spanish I,Spanish I RM 2255,7,LOTE
2255,Spanish I,Spanish I RM 2255,4,LOTE
2255,Spanish I,Spanish I RM 2255,6,LOTE
2259,Spanish I,Spanish I RM 2259,2,LOTE
2259,Spanish I,Spanish I RM 2259,1,LOTE
2255,Spanish I ,Spanish I  RM 2255,4,LOTE
2255,Spanish I ,Spanish I  RM 2255,5,LOTE
2258,Spanish IB HL,Spanish IB HL RM 2258,5,LOTE
2258,Spanish IB HL,Spanish IB HL RM 2258,6,LOTE
2258,Spanish IB HL,Spanish IB HL RM 2258,2,LOTE
2256,Spanish IB SL,Spanish IB SL RM 2256,1,LOTE
2256,Spanish IB SL,Spanish IB SL RM 2256,5,LOTE
2258,Spanish IB SL,Spanish IB SL RM 2258,5,LOTE
2258,Spanish IB SL,Spanish IB SL RM 2258,6,LOTE
2258,Spanish IB SL,Spanish IB SL RM 2258,5,LOTE
2258,Spanish IB SL,Spanish IB SL RM 2258,6,LOTE
2251,Spanish II,Spanish II RM 2251,7,LOTE
2252,Spanish II,Spanish II RM 2252,2,LOTE
2252,Spanish II,Spanish II RM 2252,1,LOTE
2252,Spanish II,Spanish II RM 2252,3,LOTE
2252,Spanish II,Spanish II RM 2252,8,LOTE
2252,Spanish II,Spanish II RM 2252,7,LOTE
2254,Spanish II,Spanish II RM 2254,4,LOTE
2254,Spanish II,Spanish II RM 2254,5,LOTE
2254,Spanish II,Spanish II RM 2254,1,LOTE
2259,Spanish II,Spanish II RM 2259,4,LOTE
2259,Spanish II,Spanish II RM 2259,5,LOTE
2259,Spanish II,Spanish II RM 2259,8,LOTE
2259,Spanish II,Spanish II RM 2259,7,LOTE
2259,Spanish II ,Spanish II  RM 2259,5,LOTE
2259,Spanish II ,Spanish II  RM 2259,8,LOTE
2259,Spanish II ,Spanish II  RM 2259,7,LOTE
2252,Spanish II Adv,Spanish II Adv RM 2252,5,LOTE
2254,Spanish II Adv,Spanish II Adv RM 2254,3,LOTE
2254,Spanish II Adv,Spanish II Adv RM 2254,7,LOTE
2254,Spanish II Adv,Spanish II Adv RM 2254,8,LOTE
2260,Spanish II Adv,Spanish II Adv RM 2260,1,LOTE
2260,Spanish II Adv,Spanish II Adv RM 2260,5,LOTE
2260,Spanish II Adv,Spanish II Adv RM 2260,5,LOTE
2251,Spanish III,Spanish III RM 2251,2,LOTE
2251,Spanish III,Spanish III RM 2251,5,LOTE
2251,Spanish III,Spanish III RM 2251,1,LOTE
2251,Spanish III,Spanish III RM 2251,4,LOTE
2251,Spanish III,Spanish III RM 2251,8,LOTE
2253,Spanish III,Spanish III RM 2253,4,LOTE
2253,Spanish III,Spanish III RM 2253,1,LOTE
2253,Spanish III,Spanish III RM 2253,2,LOTE
2255,Spanish III,Spanish III RM 2255,2,LOTE
2253,Spanish III Adv,Spanish III Adv RM 2253,5,LOTE
2253,Spanish III Adv,Spanish III Adv RM 2253,7,LOTE
2258,Spanish III Adv,Spanish III Adv RM 2258,1,LOTE
2258,Spanish III Adv,Spanish III Adv RM 2258,4,LOTE
2258,Spanish III Adv,Spanish III Adv RM 2258,8,LOTE
2260,Spanish III Adv,Spanish III Adv RM 2260,2,LOTE
2260,Spanish III Adv,Spanish III Adv RM 2260,4,LOTE
2260,Spanish III Adv,Spanish III Adv RM 2260,8,LOTE
2260,Spanish III Adv,Spanish III Adv RM 2260,7,LOTE
2256,Spanish III IB Prep,Spanish III IB Prep RM 2256,3,LOTE
2256,Spanish III IB Prep,Spanish III IB Prep RM 2256,5,LOTE
2256,Spanish III IB Prep,Spanish III IB Prep RM 2256,1,LOTE
2256,Spanish IV AP,Spanish IV AP RM 2256,6,LOTE
2256,Spanish IV AP,Spanish IV AP RM 2256,7,LOTE
2253,Spanish V AP,Spanish V AP RM 2253,6,LOTE
3011,Sports Med I (Sub Ath),Sports Med I (Sub Ath) RM 3011,1,PE/Athletics
3011,Sports Med I (Sub Ath),Sports Med I (Sub Ath) RM 3011,5,PE/Athletics
3011,Sports Med I (Sub Ath),Sports Med I (Sub Ath) RM 3011,2,PE/Athletics
3011,Sports Med I (Sub Ath),Sports Med I (Sub Ath) RM 3011,6,PE/Athletics
3011,Sports Med I (Sub Ath),Sports Med I (Sub Ath) RM 3011,4,PE/Athletics
3011,Sports Med I (Sub Ath),Sports Med I (Sub Ath) RM 3011,8,PE/Athletics
3011,Sports Med II (Sub Ath),Sports Med II (Sub Ath) RM 3011,4,PE/Athletics
3011,Sports Med II (Sub Ath),Sports Med II (Sub Ath) RM 3011,8,PE/Athletics
3011,Sports Med III,Sports Med III RM 3011,1,PE/Athletics
3011,Sports Med III,Sports Med III RM 3011,5,PE/Athletics
3011,Sports Med III,Sports Med III RM 3011,4,PE/Athletics
3011,Sports Med III,Sports Med III RM 3011,8,PE/Athletics
3011,Sports Med IV,Sports Med IV RM 3011,1,PE/Athletics
3011,Sports Med IV,Sports Med IV RM 3011,5,PE/Athletics
1353,Statistics,Statistics RM 1353,6,Math
1353,Statistics,Statistics RM 1353,8,Math
1414,Statistics,Statistics RM 1414,7,Math
1414,Statistics,Statistics RM 1414,2,Math
1414,Statistics,Statistics RM 1414,3,Math
1355,Statistics AP,Statistics AP RM 1355,2,Math
1355,Statistics AP,Statistics AP RM 1355,4,Math
1360,Statistics AP,Statistics AP RM 1360,1,Math
1360,Statistics AP,Statistics AP RM 1360,7,Math
6002,Student Aide,Student Aide RM 6002,8,Other
OFF5,Student Aide,Student Aide RM OFF5,1,Other
OFF5,Student Aide,Student Aide RM OFF5,2,Other
OFF5,Student Aide,Student Aide RM OFF5,3,Other
OFF5,Student Aide,Student Aide RM OFF5,4,Other
OFF5,Student Aide,Student Aide RM OFF5,5,Other
OFF5,Student Aide,Student Aide RM OFF5,6,Other
OFF5,Student Aide,Student Aide RM OFF5,7,Other
OFF5,Student Aide,Student Aide RM OFF5,8,Other
1306,Study Hall,Study Hall RM 1306,2,Other
1703,Study Lab (Sem),Study Lab (Sem) RM 1703,6,Other
2112,Study Lab (Sem),Study Lab (Sem) RM 2112,1,Other
2112,Study Lab (Sem),Study Lab (Sem) RM 2112,1,Other
2112,Study Lab (Sem),Study Lab (Sem) RM 2112,4,Other
2112,Study Lab (Sem),Study Lab (Sem) RM 2112,4,Other
2210,Study Lab (Sem),Study Lab (Sem) RM 2210,2,Other
2311,Study Lab (Sem),Study Lab (Sem) RM 2311,2,Other
2708,Study Lab (Sem),Study Lab (Sem) RM 2708,5,Other
2204,Study Lab I,Study Lab I RM 2204,1,Other
2204,Study Lab I,Study Lab I RM 2204,3,Other
2204,Study Lab I,Study Lab I RM 2204,4,Other
2204,Study Lab I,Study Lab I RM 2204,5,Other
2204,Study Lab I,Study Lab I RM 2204,7,Other
2204,Study Lab I,Study Lab I RM 2204,8,Other
CAFE,Swimming I (Sub Ath),Swimming I (Sub Ath) RM CAFE,1,PE/Athletics
CAFE,Swimming I (Sub Ath),Swimming I (Sub Ath) RM CAFE,5,PE/Athletics
CAFE,Swimming II (Sub Ath),Swimming II (Sub Ath) RM CAFE,1,PE/Athletics
CAFE,Swimming II (Sub Ath),Swimming II (Sub Ath) RM CAFE,5,PE/Athletics
CAFE,Swimming III (Sub Ath),Swimming III (Sub Ath) RM CAFE,1,PE/Athletics
CAFE,Swimming III (Sub Ath),Swimming III (Sub Ath) RM CAFE,5,PE/Athletics
CAFE,Swimming IV (Sub Ath),Swimming IV (Sub Ath) RM CAFE,1,PE/Athletics
CAFE,Swimming IV (Sub Ath),Swimming IV (Sub Ath) RM CAFE,5,PE/Athletics
6001,Symphonic Band I,Symphonic Band I RM 6001,3,Fine Arts
6001,Symphonic Band I,Symphonic Band I RM 6001,7,Fine Arts
6001,Symphonic Band II,Symphonic Band II RM 6001,3,Fine Arts
6001,Symphonic Band II,Symphonic Band II RM 6001,7,Fine Arts
6001,Symphonic Band II,Symphonic Band II RM 6001,3,Fine Arts
6001,Symphonic Band II,Symphonic Band II RM 6001,8,Fine Arts
6001,Symphonic Band III,Symphonic Band III RM 6001,3,Fine Arts
6001,Symphonic Band III,Symphonic Band III RM 6001,7,Fine Arts
6001,Symphonic Band IV,Symphonic Band IV RM 6001,3,Fine Arts
6001,Symphonic Band IV,Symphonic Band IV RM 6001,7,Fine Arts
6001,Symphonic Band IV,Symphonic Band IV RM 6001,4,Fine Arts
6001,Symphonic Band IV,Symphonic Band IV RM 6001,7,Fine Arts
6001,Symphonic Winds I,Symphonic Winds I RM 6001,2,Fine Arts
6001,Symphonic Winds I,Symphonic Winds I RM 6001,6,Fine Arts
6001,Symphonic Winds I,Symphonic Winds I RM 6001,3,Fine Arts
6001,Symphonic Winds I,Symphonic Winds I RM 6001,6,Fine Arts
6001,Symphonic Winds II,Symphonic Winds II RM 6001,2,Fine Arts
6001,Symphonic Winds II,Symphonic Winds II RM 6001,6,Fine Arts
6001,Symphonic Winds III,Symphonic Winds III RM 6001,2,Fine Arts
6001,Symphonic Winds III,Symphonic Winds III RM 6001,6,Fine Arts
6001,Symphonic Winds IV,Symphonic Winds IV RM 6001,2,Fine Arts
6001,Symphonic Winds IV,Symphonic Winds IV RM 6001,6,Fine Arts
6001,Symphonic Winds IV,Symphonic Winds IV RM 6001,1,Fine Arts
6001,Symphonic Winds IV,Symphonic Winds IV RM 6001,6,Fine Arts
6001,Symphonic Winds IV,Symphonic Winds IV RM 6001,2,Fine Arts
6001,Symphonic Winds IV,Symphonic Winds IV RM 6001,7,Fine Arts
6001,Symphonic Winds IV,Symphonic Winds IV RM 6001,2,Fine Arts
6001,Symphonic Winds IV,Symphonic Winds IV RM 6001,3,Fine Arts
6001,Symphonic Winds IV,Symphonic Winds IV RM 6001,6,Fine Arts
GYM3,Team or Individual Sports,Team or Individual Sports RM GYM3,2,PE/Athletics
GYM3,Team or Individual Sports,Team or Individual Sports RM GYM3,6,PE/Athletics
6004,Technical Theatre I,Technical Theatre I RM 6004,8,Fine Arts
6004,Technical Theatre I,Technical Theatre I RM 6004,3,Fine Arts
6004,Technical Theatre I,Technical Theatre I RM 6004,5,Fine Arts
PAC,Technical Theatre I,Technical Theatre I RM PAC,3,Fine Arts
PAC,Technical Theatre I,Technical Theatre I RM PAC,5,Fine Arts
PAC,Technical Theatre I,Technical Theatre I RM PAC,7,Fine Arts
PAC,Technical Theatre I,Technical Theatre I RM PAC,1,Fine Arts
6004,Technical Theatre II,Technical Theatre II RM 6004,2,Fine Arts
PAC,Technical Theatre II,Technical Theatre II RM PAC,4,Fine Arts
PAC,Technical Theatre II,Technical Theatre II RM PAC,5,Fine Arts
6004,Technical Theatre III,Technical Theatre III RM 6004,2,Fine Arts
PAC,Technical Theatre III,Technical Theatre III RM PAC,4,Fine Arts
6004,Technical Theatre IV,Technical Theatre IV RM 6004,2,Fine Arts
PAC,Technical Theatre IV,Technical Theatre IV RM PAC,4,Fine Arts
PAC,Technical Theatre IV ,Technical Theatre IV  RM PAC,4,Fine Arts
CAFE,Tennis I (Sub Ath),Tennis I (Sub Ath) RM CAFE,4,PE/Athletics
CAFE,Tennis I (Sub Ath),Tennis I (Sub Ath) RM CAFE,8,PE/Athletics
CAFE,Tennis II (Sub Ath),Tennis II (Sub Ath) RM CAFE,4,PE/Athletics
CAFE,Tennis II (Sub Ath),Tennis II (Sub Ath) RM CAFE,8,PE/Athletics
CAFE,Tennis III (Sub Ath),Tennis III (Sub Ath) RM CAFE,4,PE/Athletics
CAFE,Tennis III (Sub Ath),Tennis III (Sub Ath) RM CAFE,8,PE/Athletics
CAFE,Tennis IV (Sub Ath),Tennis IV (Sub Ath) RM CAFE,4,PE/Athletics
CAFE,Tennis IV (Sub Ath),Tennis IV (Sub Ath) RM CAFE,8,PE/Athletics
6002,Tenor/Bass Choir I,Tenor/Bass Choir I RM 6002,6,Fine Arts
6002,Tenor/Bass Choir II,Tenor/Bass Choir II RM 6002,6,Fine Arts
PAC,Theatre Arts IB SL,Theatre Arts IB SL RM PAC,6,Fine Arts
6005,Theatre I,Theatre I RM 6005,2,Fine Arts
6005,Theatre I,Theatre I RM 6005,6,Fine Arts
6005,Theatre I,Theatre I RM 6005,8,Fine Arts
6005,Theatre I,Theatre I RM 6005,3,Fine Arts
6004,Theatre II,Theatre II RM 6004,1,Fine Arts
6004,Theatre II,Theatre II RM 6004,7,Fine Arts
6005,Theatre II,Theatre II RM 6005,3,Fine Arts
6004,Theatre III,Theatre III RM 6004,1,Fine Arts
6004,Theatre III,Theatre III RM 6004,7,Fine Arts
6004,Theatre IV,Theatre IV RM 6004,1,Fine Arts
6005,Theatre IV,Theatre IV RM 6005,7,Fine Arts
6005,Theatre Production I,Theatre Production I RM 6005,4,Fine Arts
6005,Theatre Production II,Theatre Production II RM 6005,4,Fine Arts
6005,Theatre Production III,Theatre Production III RM 6005,4,Fine Arts
6005,Theatre Production IV,Theatre Production IV RM 6005,4,Fine Arts
2256,Theory of Knowledge IB,Theory of Knowledge IB RM 2256,4,Other
2256,Theory of Knowledge IB,Theory of Knowledge IB RM 2256,2,Other
2708,Theory of Knowledge IB,Theory of Knowledge IB RM 2708,7,Other
2708,Theory of Knowledge IB,Theory of Knowledge IB RM 2708,5,Other
6002,Treble Choir I,Treble Choir I RM 6002,1,Fine Arts
6002,Treble Choir I,Treble Choir I RM 6002,2,Fine Arts
6002,Treble Choir II,Treble Choir II RM 6002,2,Fine Arts
6002,Treble Choir II,Treble Choir II RM 6002,1,Fine Arts
6002,Treble Choir III,Treble Choir III RM 6002,2,Fine Arts
2208,TXVSN GPA,TXVSN GPA RM 2208,3,Other
2208,TXVSN GPA,TXVSN GPA RM 2208,1,Other
2208,TXVSN GPA,TXVSN GPA RM 2208,2,Other
2208,TXVSN GPA,TXVSN GPA RM 2208,4,Other
2208,TXVSN GPA,TXVSN GPA RM 2208,5,Other
2208,TXVSN GPA,TXVSN GPA RM 2208,6,Other
2208,TXVSN GPA,TXVSN GPA RM 2208,7,Other
2208,TXVSN GPA,TXVSN GPA RM 2208,8,Other
2205,U.S. Government,U.S. Government RM 2205,6,Social Studies
2205,U.S. Government,U.S. Government RM 2205,7,Social Studies
2205,U.S. Government,U.S. Government RM 2205,6,Social Studies
2205,U.S. Government,U.S. Government RM 2205,7,Social Studies
2205,U.S. Government,U.S. Government RM 2205,3,Social Studies
2205,U.S. Government,U.S. Government RM 2205,3,Social Studies
2205,U.S. Government,U.S. Government RM 2205,2,Social Studies
2205,U.S. Government,U.S. Government RM 2205,2,Social Studies
2205,U.S. Government,U.S. Government RM 2205,7,Social Studies
2205,U.S. Government,U.S. Government RM 2205,6,Social Studies
2205,U.S. Government,U.S. Government RM 2205,7,Social Studies
2205,U.S. Government,U.S. Government RM 2205,6,Social Studies
2303,U.S. Government,U.S. Government RM 2303,7,Social Studies
2707,U.S. Government,U.S. Government RM 2707,2,Social Studies
2707,U.S. Government,U.S. Government RM 2707,2,Social Studies
2707,U.S. Government,U.S. Government RM 2707,6,Social Studies
2707,U.S. Government,U.S. Government RM 2707,7,Social Studies
1148,U.S. Government ,U.S. Government  RM 1148,7,Social Studies
1148,U.S. Government ,U.S. Government  RM 1148,7,Social Studies
1148,U.S. Government ,U.S. Government  RM 1148,4,Social Studies
2205,U.S. Government ,U.S. Government  RM 2205,6,Social Studies
2205,U.S. Government ,U.S. Government  RM 2205,7,Social Studies
2205,U.S. Government ,U.S. Government  RM 2205,6,Social Studies
2205,U.S. Government ,U.S. Government  RM 2205,7,Social Studies
2303,U.S. Government ,U.S. Government  RM 2303,2,Social Studies
2707,U.S. Government ,U.S. Government  RM 2707,2,Social Studies
2311,U.S. Government AP,U.S. Government AP RM 2311,3,Social Studies
2311,U.S. Government AP,U.S. Government AP RM 2311,3,Social Studies
2707,U.S. Government AP,U.S. Government AP RM 2707,6,Social Studies
AX40,U.S. Govt ACC,U.S. Govt ACC RM AX40,1,Social Studies
AX40,U.S. Govt ACC,U.S. Govt ACC RM AX40,3,Social Studies
AX40,U.S. Govt ACC,U.S. Govt ACC RM AX40,7,Social Studies
AX40,U.S. Govt ACC,U.S. Govt ACC RM AX40,4,Social Studies
AX40,U.S. Govt ACC,U.S. Govt ACC RM AX40,1,Social Studies
AX40,U.S. Govt ACC,U.S. Govt ACC RM AX40,7,Social Studies
AX40,U.S. Govt ACC,U.S. Govt ACC RM AX40,8,Social Studies
AX40,U.S. Govt ACC,U.S. Govt ACC RM AX40,5,Social Studies
AX38,U.S. Hist. I ACC (HIST 1301),U.S. Hist. I ACC (HIST 1301) RM AX38,4,Social Studies
AX38,U.S. Hist. I ACC (HIST 1301),U.S. Hist. I ACC (HIST 1301) RM AX38,5,Social Studies
N/A,U.S. Hist. I ACC (HIST 1301),U.S. Hist. I ACC (HIST 1301) RM N/A,4,Social Studies
AX39,U.S. Hist. II ACC ,U.S. Hist. II ACC  RM AX39,1,Social Studies
AX39,U.S. Hist. II ACC ,U.S. Hist. II ACC  RM AX39,5,Social Studies
AX39,U.S. Hist. II ACC ,U.S. Hist. II ACC  RM AX39,7,Social Studies
AX39,U.S. Hist. II ACC ,U.S. Hist. II ACC  RM AX39,8,Social Studies
AX39,U.S. Hist. II ACC ,U.S. Hist. II ACC  RM AX39,1,Social Studies
AX39,U.S. Hist. II ACC ,U.S. Hist. II ACC  RM AX39,3,Social Studies
AX39,U.S. Hist. II ACC ,U.S. Hist. II ACC  RM AX39,4,Social Studies
2303,U.S. History,U.S. History RM 2303,4,Social Studies
2303,U.S. History,U.S. History RM 2303,7,Social Studies
2303,U.S. History,U.S. History RM 2303,8,Social Studies
2303,U.S. History,U.S. History RM 2303,6,Social Studies
2303,U.S. History,U.S. History RM 2303,2,Social Studies
2309,U.S. History,U.S. History RM 2309,5,Social Studies
2309,U.S. History,U.S. History RM 2309,6,Social Studies
2309,U.S. History,U.S. History RM 2309,4,Social Studies
2316,U.S. History,U.S. History RM 2316,2,Social Studies
2316,U.S. History,U.S. History RM 2316,1,Social Studies
2316,U.S. History,U.S. History RM 2316,6,Social Studies
2316,U.S. History,U.S. History RM 2316,5,Social Studies
2316,U.S. History,U.S. History RM 2316,4,Social Studies
2316,U.S. History,U.S. History RM 2316,8,Social Studies
2316,U.S. History,U.S. History RM 2316,1,Social Studies
2316,U.S. History,U.S. History RM 2316,5,Social Studies
2316,U.S. History,U.S. History RM 2316,6,Social Studies
1148,U.S. History ,U.S. History  RM 1148,7,Social Studies
1148,U.S. History ,U.S. History  RM 1148,7,Social Studies
2303,U.S. History ,U.S. History  RM 2303,8,Social Studies
2316,U.S. History ,U.S. History  RM 2316,6,Social Studies
2316,U.S. History ,U.S. History  RM 2316,5,Social Studies
2316,U.S. History ,U.S. History  RM 2316,1,Social Studies
2309,U.S. History AP,U.S. History AP RM 2309,2,Social Studies
2309,U.S. History AP,U.S. History AP RM 2309,8,Social Studies
2311,U.S. History AP,U.S. History AP RM 2311,4,Social Studies
2311,U.S. History AP,U.S. History AP RM 2311,6,Social Studies
2311,U.S. History AP,U.S. History AP RM 2311,5,Social Studies
1701,Veterinary Medical Application,Veterinary Medical Application RM 1701,2,CTE
6002,Vocal Ensemble II,Vocal Ensemble II RM 6002,7,Fine Arts
6002,Vocal Ensemble III,Vocal Ensemble III RM 6002,7,Fine Arts
6002,Vocal Ensemble IV,Vocal Ensemble IV RM 6002,7,Fine Arts
1206,Vocational Experience,Vocational Experience RM 1206,1,CTE
1206,Vocational Experience,Vocational Experience RM 1206,2,CTE
1206,Vocational Experience,Vocational Experience RM 1206,3,CTE
1206,Vocational Experience,Vocational Experience RM 1206,4,CTE
1206,Vocational Experience,Vocational Experience RM 1206,7,CTE
1206,Vocational Experience,Vocational Experience RM 1206,8,CTE
1206,Vocational Investigations,Vocational Investigations RM 1206,1,CTE
1206,Vocational Investigations,Vocational Investigations RM 1206,2,CTE
1206,Vocational Investigations,Vocational Investigations RM 1206,4,CTE
1206,Vocational Investigations,Vocational Investigations RM 1206,7,CTE
GYM3,Volleyball I (Sub Ath),Volleyball I (Sub Ath) RM GYM3,3,PE/Athletics
GYM3,Volleyball I (Sub Ath),Volleyball I (Sub Ath) RM GYM3,7,PE/Athletics
GYM3,Volleyball I (Sub Ath),Volleyball I (Sub Ath) RM GYM3,4,PE/Athletics
GYM3,Volleyball I (Sub Ath),Volleyball I (Sub Ath) RM GYM3,8,PE/Athletics
GYM3,Volleyball II (Sub Ath),Volleyball II (Sub Ath) RM GYM3,4,PE/Athletics
GYM3,Volleyball II (Sub Ath),Volleyball II (Sub Ath) RM GYM3,8,PE/Athletics
GYM3,Volleyball III (Sub Ath),Volleyball III (Sub Ath) RM GYM3,4,PE/Athletics
GYM3,Volleyball III (Sub Ath),Volleyball III (Sub Ath) RM GYM3,8,PE/Athletics
GYM3,Volleyball IV (Sub Ath),Volleyball IV (Sub Ath) RM GYM3,4,PE/Athletics
GYM3,Volleyball IV (Sub Ath),Volleyball IV (Sub Ath) RM GYM3,8,PE/Athletics
GYM3,Volleyball IV (Sub Ath),Volleyball IV (Sub Ath) RM GYM3,4,PE/Athletics
GYM3,Volleyball IV (Sub Ath),Volleyball IV (Sub Ath) RM GYM3,8,PE/Athletics
1618,Wildlife Fisheries & Eco Mgt,Wildlife Fisheries & Eco Mgt RM 1618,2,CTE
1622,Wildlife Fisheries & Eco Mgt,Wildlife Fisheries & Eco Mgt RM 1622,4,CTE
6001,Wind Ensemble I,Wind Ensemble I RM 6001,1,Fine Arts
6001,Wind Ensemble I,Wind Ensemble I RM 6001,5,Fine Arts
6001,Wind Ensemble II,Wind Ensemble II RM 6001,1,Fine Arts
6001,Wind Ensemble II,Wind Ensemble II RM 6001,5,Fine Arts
6001,Wind Ensemble III,Wind Ensemble III RM 6001,1,Fine Arts
6001,Wind Ensemble III,Wind Ensemble III RM 6001,5,Fine Arts
6001,Wind Ensemble IV,Wind Ensemble IV RM 6001,1,Fine Arts
6001,Wind Ensemble IV,Wind Ensemble IV RM 6001,5,Fine Arts
2211,World Geography,World Geography RM 2211,2,Social Studies
2211,World Geography,World Geography RM 2211,7,Social Studies
2211,World Geography,World Geography RM 2211,6,Social Studies
2211,World Geography,World Geography RM 2211,3,Social Studies
2211,World Geography,World Geography RM 2211,6,Social Studies
2257,World Geography,World Geography RM 2257,8,Social Studies
2257,World Geography,World Geography RM 2257,3,Social Studies
2257,World Geography,World Geography RM 2257,4,Social Studies
2257,World Geography,World Geography RM 2257,7,Social Studies
2304,World Geography,World Geography RM 2304,8,Social Studies
2304,World Geography,World Geography RM 2304,4,Social Studies
2304,World Geography,World Geography RM 2304,2,Social Studies
2304,World Geography,World Geography RM 2304,2,Social Studies
2314,World Geography,World Geography RM 2314,5,Social Studies
2314,World Geography,World Geography RM 2314,3,Social Studies
2314,World Geography,World Geography RM 2314,2,Social Studies
2315,World Geography,World Geography RM 2315,3,Social Studies
2315,World Geography,World Geography RM 2315,2,Social Studies
2315,World Geography,World Geography RM 2315,3,Social Studies
1148,World Geography ,World Geography  RM 1148,7,Social Studies
1148,World Geography ,World Geography  RM 1148,6,Social Studies
1148,World Geography ,World Geography  RM 1148,4,Social Studies
1148,World Geography ,World Geography  RM 1148,8,Social Studies
2211,World Geography ,World Geography  RM 2211,6,Social Studies
2304,World Geography ,World Geography  RM 2304,2,Social Studies
2315,World Geography ,World Geography  RM 2315,3,Social Studies
2212,World History,World History RM 2212,2,Social Studies
2302,World History,World History RM 2302,2,Social Studies
2302,World History,World History RM 2302,6,Social Studies
2302,World History,World History RM 2302,7,Social Studies
2302,World History,World History RM 2302,3,Social Studies
2302,World History,World History RM 2302,2,Social Studies
2302,World History,World History RM 2302,6,Social Studies
2304,World History,World History RM 2304,6,Social Studies
2305,World History,World History RM 2305,2,Social Studies
2305,World History,World History RM 2305,3,Social Studies
2305,World History,World History RM 2305,7,Social Studies
2305,World History,World History RM 2305,6,Social Studies
2305,World History,World History RM 2305,3,Social Studies
2305,World History,World History RM 2305,6,Social Studies
2310,World History,World History RM 2310,8,Social Studies
2310,World History,World History RM 2310,4,Social Studies
2310,World History,World History RM 2310,6,Social Studies
2310,World History,World History RM 2310,7,Social Studies
2310,World History,World History RM 2310,8,Social Studies
2313,World History,World History RM 2313,7,Social Studies
2313,World History,World History RM 2313,3,Social Studies
2313,World History,World History RM 2313,6,Social Studies
2313,World History,World History RM 2313,2,Social Studies
2716,World History,World History RM 2716,8,Social Studies
1148,World History ,World History  RM 1148,7,Social Studies
1148,World History ,World History  RM 1148,7,Social Studies
2302,World History ,World History  RM 2302,2,Social Studies
2302,World History ,World History  RM 2302,6,Social Studies
2305,World History ,World History  RM 2305,3,Social Studies
2305,World History ,World History  RM 2305,7,Social Studies
2310,World History ,World History  RM 2310,8,Social Studies
2306,World History AP,World History AP RM 2306,1,Social Studies
2306,World History AP,World History AP RM 2306,7,Social Studies
2306,World History AP,World History AP RM 2306,6,Social Studies
2306,World History AP,World History AP RM 2306,3,Social Studies
2306,World History AP,World History AP RM 2306,8,Social Studies
2307,World History AP,World History AP RM 2307,7,Social Studies
2307,World History AP,World History AP RM 2307,4,Social Studies
2307,World History AP,World History AP RM 2307,8,Social Studies
2310,World History AP,World History AP RM 2310,1,Social Studies
2310,World History AP,World History AP RM 2310,2,Social Studies
GYM,Wrestling I (Sub Ath),Wrestling I (Sub Ath) RM GYM,2,PE/Athletics
GYM,Wrestling I (Sub Ath),Wrestling I (Sub Ath) RM GYM,6,PE/Athletics
GYM,Wrestling II (Sub Ath),Wrestling II (Sub Ath) RM GYM,2,PE/Athletics
GYM,Wrestling II (Sub Ath),Wrestling II (Sub Ath) RM GYM,6,PE/Athletics
GYM,Wrestling III (Sub Ath),Wrestling III (Sub Ath) RM GYM,2,PE/Athletics
GYM,Wrestling III (Sub Ath),Wrestling III (Sub Ath) RM GYM,6,PE/Athletics
GYM,Wrestling IV(Sub Ath),Wrestling IV(Sub Ath) RM GYM,2,PE/Athletics
GYM,Wrestling IV(Sub Ath),Wrestling IV(Sub Ath) RM GYM,6,PE/Athletics
